,Inches,CPU_Frequency (GHz),RAM (GB),Weight (kg),Touchscreen,SSD,Res_Width,Res_Height,IPS_Panel,HDD,Company_Apple,Company_Asus,Company_Chuwi,Company_Dell,Company_Fujitsu,Company_Google,Company_HP,Company_Huawei,Company_LG,Company_Lenovo,Company_MSI,Company_Mediacom,Company_Microsoft,Company_Razer,Company_Samsung,Company_Toshiba,Company_Vero,Company_Xiaomi,Price (Euro)
0,13,2,8,1,0,128,2560,1600,1,0,1,0,0,0,0,0,0,0,0,0,0,0,0,0,0,0,0,0,1339
1,13,1,8,1,0,0,1440,900,0,0,1,0,0,0,0,0,0,0,0,0,0,0,0,0,0,0,0,0,898
2,15,2,8,1,0,256,1920,1080,0,0,0,0,0,0,0,0,1,0,0,0,0,0,0,0,0,0,0,0,575
3,15,2,14,1,0,512,2880,1800,1,0,1,0,0,0,0,0,0,0,0,0,0,0,0,0,0,0,0,0,2537
4,13,3,8,1,0,256,2560,1600,1,0,1,0,0,0,0,0,0,0,0,0,0,0,0,0,0,0,0,0,1803
5,15,3,4,2,0,0,1366,768,0,500,0,0,0,0,0,0,0,0,0,0,0,0,0,0,0,0,0,0,400
6,15,2,14,2,0,0,2880,1800,1,0,1,0,0,0,0,0,0,0,0,0,0,0,0,0,0,0,0,0,2139
7,13,1,8,1,0,0,1440,900,0,0,1,0,0,0,0,0,0,0,0,0,0,0,0,0,0,0,0,0,1158
8,14,1,14,1,0,512,1920,1080,0,0,0,1,0,0,0,0,0,0,0,0,0,0,0,0,0,0,0,0,1495
9,14,1,8,1,0,256,1920,1080,1,0,0,0,0,0,0,0,0,0,0,0,0,0,0,0,0,0,0,0,770
10,15,2,4,1,0,0,1366,768,0,500,0,0,0,0,0,0,1,0,0,0,0,0,0,0,0,0,0,0,393
11,15,2,4,1,0,0,1920,1080,0,500,0,0,0,0,0,0,1,0,0,0,0,0,0,0,0,0,0,0,344
12,15,2,14,1,0,256,2880,1800,1,0,1,0,0,0,0,0,0,0,0,0,0,0,0,0,0,0,0,0,2439
13,15,2,4,2,0,256,1920,1080,0,0,0,0,0,1,0,0,0,0,0,0,0,0,0,0,0,0,0,0,498
14,12,1,8,0,0,256,2304,1440,1,0,1,0,0,0,0,0,0,0,0,0,0,0,0,0,0,0,0,0,1262
15,13,2,8,1,0,256,2560,1600,1,0,1,0,0,0,0,0,0,0,0,0,0,0,0,0,0,0,0,0,1518
16,15,2,8,2,0,256,1920,1080,0,0,0,0,0,1,0,0,0,0,0,0,0,0,0,0,0,0,0,0,745
17,15,2,14,1,0,512,2880,1800,1,0,1,0,0,0,0,0,0,0,0,0,0,0,0,0,0,0,0,0,2827
18,15,2,8,2,0,0,1920,1080,0,1024,0,0,0,0,0,0,0,0,0,1,0,0,0,0,0,0,0,0,499
19,13,1,8,1,1,128,1920,1080,1,0,0,0,0,1,0,0,0,0,0,0,0,0,0,0,0,0,0,0,979
20,11,1,2,0,0,0,1366,768,0,0,0,1,0,0,0,0,0,0,0,0,0,0,0,0,0,0,0,0,191
21,15,2,8,2,0,128,1920,1080,1,1024,0,0,0,0,0,0,0,0,0,1,0,0,0,0,0,0,0,0,999
22,15,1,4,1,0,0,1366,768,0,500,0,0,0,0,0,0,1,0,0,0,0,0,0,0,0,0,0,0,258
23,13,1,8,1,1,256,1920,1080,0,0,0,0,0,1,0,0,0,0,0,0,0,0,0,0,0,0,0,0,819
24,15,1,8,1,0,256,1920,1080,0,0,0,0,0,0,0,0,1,0,0,0,0,0,0,0,0,0,0,0,659
25,15,2,4,2,0,0,1366,768,0,1024,0,0,0,1,0,0,0,0,0,0,0,0,0,0,0,0,0,0,418
26,13,1,8,1,0,0,1440,900,0,0,1,0,0,0,0,0,0,0,0,0,0,0,0,0,0,0,0,0,1099
27,15,1,8,2,0,256,1920,1080,0,0,0,0,0,1,0,0,0,0,0,0,0,0,0,0,0,0,0,0,800
28,15,1,8,1,0,512,1920,1080,0,0,0,0,0,1,0,0,0,0,0,0,0,0,0,0,0,0,0,0,1298
29,17,1,8,2,0,0,1920,1080,0,1024,0,0,0,0,0,0,1,0,0,0,0,0,0,0,0,0,0,0,896
30,15,1,4,1,0,0,1920,1080,0,0,0,0,1,0,0,0,0,0,0,0,0,0,0,0,0,0,0,0,244
31,14,1,2,1,0,0,1366,768,0,0,0,1,0,0,0,0,0,0,0,0,0,0,0,0,0,0,0,0,199
32,17,2,4,2,0,0,1920,1080,0,500,0,0,0,0,0,0,1,0,0,0,0,0,0,0,0,0,0,0,439
33,13,1,14,1,1,512,3200,1800,0,0,0,0,0,1,0,0,0,0,0,0,0,0,0,0,0,0,0,0,1869
34,13,1,8,1,0,0,1440,900,0,0,1,0,0,0,0,0,0,0,0,0,0,0,0,0,0,0,0,0,998
35,14,1,4,1,0,0,1366,768,0,0,0,0,0,0,0,0,0,0,0,1,0,0,0,0,0,0,0,0,249
36,15,2,4,2,0,0,1366,768,0,1024,0,0,0,0,0,0,0,0,0,0,0,0,0,0,0,0,0,0,367
37,17,1,8,2,0,128,1920,1080,1,1024,0,0,0,1,0,0,0,0,0,0,0,0,0,0,0,0,0,0,979
38,15,2,4,1,0,0,1366,768,0,1024,0,0,0,0,0,0,1,0,0,0,0,0,0,0,0,0,0,0,488
39,15,1,8,2,0,256,1920,1080,0,0,0,0,0,0,0,0,1,0,0,0,0,0,0,0,0,0,0,0,879
40,15,2,4,2,0,0,1920,1080,0,1024,0,1,0,0,0,0,0,0,0,0,0,0,0,0,0,0,0,0,389
41,15,2,14,2,0,256,1920,1080,1,1024,0,0,0,1,0,0,0,0,0,0,0,0,0,0,0,0,0,0,1499
42,15,2,8,2,0,0,1366,768,0,1024,0,1,0,0,0,0,0,0,0,0,0,0,0,0,0,0,0,0,522
43,15,1,4,2,0,256,1920,1080,1,0,0,0,0,0,0,0,0,0,0,0,0,0,0,0,0,0,0,0,682
44,17,1,12,2,1,0,1920,1080,0,1024,0,0,0,1,0,0,0,0,0,0,0,0,0,0,0,0,0,0,999
45,13,2,8,1,0,256,2560,1600,1,0,1,0,0,0,0,0,0,0,0,0,0,0,0,0,0,0,0,0,1419
46,15,2,4,2,0,128,1366,768,0,0,0,0,0,0,0,0,0,0,0,1,0,0,0,0,0,0,0,0,369
47,17,3,8,3,0,256,1920,1080,0,1024,0,1,0,0,0,0,0,0,0,0,0,0,0,0,0,0,0,0,1299
48,15,2,4,2,0,256,1920,1080,0,0,0,0,0,1,0,0,0,0,0,0,0,0,0,0,0,0,0,0,639
49,17,1,4,2,0,0,1366,768,0,1024,0,1,0,0,0,0,0,0,0,0,0,0,0,0,0,0,0,0,466
50,11,1,4,0,1,0,1920,1200,1,0,0,0,0,0,0,0,0,0,0,1,0,0,0,0,0,0,0,0,319
51,15,1,8,2,0,256,1920,1080,1,0,0,0,0,0,0,0,0,0,0,0,0,0,0,0,0,0,0,0,841
52,15,2,4,1,0,256,1920,1080,0,0,0,0,0,0,0,0,1,0,0,0,0,0,0,0,0,0,0,0,398
53,13,1,8,1,0,512,1920,1080,0,0,0,0,0,0,0,0,1,0,0,0,0,0,0,0,0,0,0,0,1103
54,15,2,4,2,0,0,1366,768,0,1024,0,0,0,0,0,0,0,0,0,0,0,0,0,0,0,0,0,0,384
55,15,1,8,2,0,256,1920,1080,0,0,0,0,0,1,0,0,0,0,0,0,0,0,0,0,0,0,0,0,767
56,15,2,4,1,0,128,1920,1080,0,0,0,0,0,0,0,0,1,0,0,0,0,0,0,0,0,0,0,0,439
57,15,2,4,2,0,256,1366,768,0,0,0,1,0,0,0,0,0,0,0,0,0,0,0,0,0,0,0,0,586
58,17,2,14,2,0,256,1920,1080,0,2048,0,0,0,0,0,0,0,0,0,0,1,0,0,0,0,0,0,0,2449
59,15,2,4,2,0,256,1920,1080,0,0,0,1,0,0,0,0,0,0,0,0,0,0,0,0,0,0,0,0,415
60,17,1,14,2,0,256,1920,1080,0,2048,0,0,0,1,0,0,0,0,0,0,0,0,0,0,0,0,0,0,1299
61,14,1,8,1,0,256,1920,1080,0,0,0,0,0,1,0,0,0,0,0,0,0,0,0,0,0,0,0,0,879
62,14,2,8,1,0,256,1920,1080,1,0,0,0,0,0,0,0,0,0,0,1,0,0,0,0,0,0,0,0,599
63,14,1,8,1,0,256,1920,1080,0,0,0,1,0,0,0,0,0,0,0,0,0,0,0,0,0,0,0,0,941
64,15,2,8,1,0,256,1920,1080,0,0,0,0,0,0,0,0,1,0,0,0,0,0,0,0,0,0,0,0,690
65,15,2,14,1,0,512,1920,1080,0,0,0,1,0,0,0,0,0,0,0,0,0,0,0,0,0,0,0,0,1983
66,15,2,4,1,0,0,1366,768,0,500,0,0,0,0,0,0,1,0,0,0,0,0,0,0,0,0,0,0,438
67,14,1,4,1,0,32,1366,768,0,0,0,0,0,0,0,0,1,0,0,0,0,0,0,0,0,0,0,0,229
68,15,2,4,1,0,0,1920,1080,0,1024,0,0,0,0,0,0,0,0,0,1,0,0,0,0,0,0,0,0,549
69,17,2,12,3,0,0,1920,1080,0,1024,0,1,0,0,0,0,0,0,0,0,0,0,0,0,0,0,0,0,949
70,13,2,4,1,1,128,2256,1504,0,0,0,0,0,0,0,0,0,0,0,0,0,0,1,0,0,0,0,0,1089
71,13,1,8,1,0,256,1920,1080,1,0,0,0,0,1,0,0,0,0,0,0,0,0,0,0,0,0,0,0,955
72,15,1,8,2,0,256,1920,1080,0,0,0,0,0,1,0,0,0,0,0,0,0,0,0,0,0,0,0,0,870
73,17,2,8,2,0,128,1920,1080,0,1024,0,0,0,0,0,0,0,0,0,0,1,0,0,0,0,0,0,0,1095
74,14,2,8,2,0,0,1366,768,0,1024,0,0,0,0,0,0,0,0,0,0,0,0,0,0,0,0,0,0,389
75,15,2,8,2,0,0,1920,1080,0,1024,0,1,0,0,0,0,0,0,0,0,0,0,0,0,0,0,0,0,949
76,15,2,8,2,0,0,1920,1080,0,2048,0,0,0,0,0,0,0,0,0,1,0,0,0,0,0,0,0,0,519
77,15,1,8,2,0,128,1920,1080,0,1024,0,0,0,1,0,0,0,0,0,0,0,0,0,0,0,0,0,0,855
78,15,2,4,2,0,0,1920,1080,0,1024,0,0,0,0,0,0,0,0,0,0,0,0,0,0,0,0,0,0,530
79,17,1,8,2,0,128,1920,1080,0,1024,0,0,0,0,0,0,1,0,0,0,0,0,0,0,0,0,0,0,977
80,15,1,8,1,0,256,1920,1080,1,0,0,0,0,1,0,0,0,0,0,0,0,0,0,0,0,0,0,0,1096
81,12,1,8,0,0,512,2304,1440,1,0,1,0,0,0,0,0,0,0,0,0,0,0,0,0,0,0,0,0,1510
82,14,1,8,1,0,256,1920,1080,0,0,0,0,0,0,0,0,1,0,0,0,0,0,0,0,0,0,0,0,860
83,15,2,4,2,0,128,1920,1080,0,0,0,0,0,0,0,0,0,0,0,1,0,0,0,0,0,0,0,0,399
84,15,3,4,2,0,0,1366,768,0,1024,0,0,0,0,0,0,0,0,0,0,0,0,0,0,0,0,0,0,395
85,15,2,14,2,0,128,1920,1080,1,1024,0,0,0,1,0,0,0,0,0,0,0,0,0,0,0,0,0,0,1349
86,15,1,8,1,0,256,1920,1080,1,0,0,0,0,0,0,0,1,0,0,0,0,0,0,0,0,0,0,0,699
87,15,2,8,1,0,256,1920,1080,0,0,0,0,0,0,0,0,1,0,0,0,0,0,0,0,0,0,0,0,598
88,15,2,14,2,0,128,1920,1080,1,1024,0,1,0,0,0,0,0,0,0,0,0,0,0,0,0,0,0,0,1449
89,13,1,8,1,0,256,1920,1080,1,0,0,0,0,1,0,0,0,0,0,0,0,0,0,0,0,0,0,0,1649
90,15,3,8,2,0,0,1920,1080,0,1024,0,1,0,0,0,0,0,0,0,0,0,0,0,0,0,0,0,0,699
91,15,1,8,2,0,0,1920,1080,0,1024,0,0,0,0,0,0,0,0,0,0,0,0,0,0,0,0,0,0,689
92,13,1,14,1,0,512,1920,1080,0,0,0,0,0,0,0,0,1,0,0,0,0,0,0,0,0,0,0,0,1197
93,15,2,8,2,0,256,1920,1080,0,0,0,0,0,1,0,0,0,0,0,0,0,0,0,0,0,0,0,0,1195
94,14,2,8,1,0,256,1920,1080,0,0,0,1,0,0,0,0,0,0,0,0,0,0,0,0,0,0,0,0,1049
95,13,1,8,1,1,256,1920,1080,1,0,0,0,0,0,0,0,0,0,0,0,0,0,0,0,0,0,0,0,847
96,15,2,8,2,0,0,1920,1080,0,1024,0,0,0,1,0,0,0,0,0,0,0,0,0,0,0,0,0,0,599
97,15,2,4,2,0,256,1920,1080,0,0,0,0,0,1,0,0,0,0,0,0,0,0,0,0,0,0,0,0,485
98,15,2,6,2,0,256,1920,1080,0,0,0,1,0,0,0,0,0,0,0,0,0,0,0,0,0,0,0,0,577
99,15,2,12,2,0,128,1920,1080,1,1024,0,0,0,0,0,0,1,0,0,0,0,0,0,0,0,0,0,0,1249
100,15,2,8,1,0,256,1920,1080,0,0,0,0,0,0,0,0,1,0,0,0,0,0,0,0,0,0,0,0,719
101,15,1,4,2,0,0,1920,1080,0,500,0,0,0,0,0,0,1,0,0,0,0,0,0,0,0,0,0,0,349
102,15,1,8,2,0,0,1920,1080,0,1024,0,0,0,1,0,0,0,0,0,0,0,0,0,0,0,0,0,0,647
103,13,2,8,1,0,256,1920,1080,1,0,0,0,0,0,0,0,1,0,0,0,0,0,0,0,0,0,0,0,1119
104,13,2,8,1,1,256,2256,1504,0,0,0,0,0,0,0,0,0,0,0,0,0,0,1,0,0,0,0,0,1340
105,14,2,6,1,0,256,1920,1080,1,0,0,0,0,0,0,0,1,0,0,0,0,0,0,0,0,0,0,0,659
106,15,2,4,1,0,0,1920,1080,0,1024,0,0,0,0,0,0,0,0,0,1,0,0,0,0,0,0,0,0,414
107,14,2,8,1,0,256,1920,1080,1,0,0,1,0,0,0,0,0,0,0,0,0,0,0,0,0,0,0,0,1193
108,15,2,14,2,0,256,1920,1080,0,1024,0,0,0,0,0,0,0,0,0,0,1,0,0,0,0,0,0,0,1299
109,14,2,8,1,0,256,1920,1080,1,0,0,0,0,0,0,0,0,0,0,1,0,0,0,0,0,0,0,0,1480
110,15,1,14,1,0,256,1920,1080,0,1024,0,1,0,0,0,0,0,0,0,0,0,0,0,0,0,0,0,0,1262
111,13,2,8,1,1,256,3200,1800,0,0,0,0,0,1,0,0,0,0,0,0,0,0,0,0,0,0,0,0,1379
112,13,2,8,1,1,256,1920,1080,1,0,0,0,0,0,0,0,0,0,0,1,0,0,0,0,0,0,0,0,1399
113,14,1,4,1,0,0,1366,768,1,500,0,0,0,0,0,0,1,0,0,0,0,0,0,0,0,0,0,0,722
114,13,1,8,1,0,256,1920,1080,1,0,0,0,0,1,0,0,0,0,0,0,0,0,0,0,0,0,0,0,1629
115,13,1,8,1,1,256,1920,1080,1,0,0,0,0,0,0,0,1,0,0,0,0,0,0,0,0,0,0,0,1398
116,14,1,8,1,0,512,1920,1080,0,0,0,0,0,0,0,0,1,0,0,0,0,0,0,0,0,0,0,0,1084
117,15,1,8,2,0,256,1920,1080,1,1024,0,0,0,1,0,0,0,0,0,0,0,0,0,0,0,0,0,0,1130
118,17,2,4,2,0,0,1920,1080,0,1024,0,1,0,0,0,0,0,0,0,0,0,0,0,0,0,0,0,0,564
119,15,1,8,1,0,256,1920,1080,0,0,0,1,0,0,0,0,0,0,0,0,0,0,0,0,0,0,0,0,1118
120,15,2,6,2,1,0,1920,1080,1,1024,0,0,0,0,0,0,0,0,0,0,0,0,0,0,0,0,0,0,479
121,15,2,14,1,0,256,1920,1080,0,2048,0,0,0,0,0,0,0,0,0,0,1,0,0,0,0,0,0,0,2241
122,15,2,8,2,0,256,1920,1080,0,0,0,0,0,0,0,0,0,0,0,1,0,0,0,0,0,0,0,0,629
123,17,1,14,2,0,512,1920,1080,0,0,0,0,0,0,0,0,1,0,0,0,0,0,0,0,0,0,0,0,1271
124,15,3,4,2,0,256,1366,768,0,0,0,0,0,0,0,0,0,0,0,0,0,0,0,0,0,0,0,0,451
125,15,1,4,1,0,0,1366,768,0,500,0,0,0,0,0,0,1,0,0,0,0,0,0,0,0,0,0,0,259
126,14,1,8,1,0,0,1920,1080,0,1024,0,0,0,0,0,0,1,0,0,0,0,0,0,0,0,0,0,0,812
127,14,1,4,1,0,64,1366,768,0,0,0,1,0,0,0,0,0,0,0,0,0,0,0,0,0,0,0,0,277
128,17,1,14,2,0,256,1920,1080,0,2048,0,0,0,1,0,0,0,0,0,0,0,0,0,0,0,0,0,0,1396
129,17,1,8,2,0,256,1920,1080,0,0,0,0,0,0,0,0,1,0,0,0,0,0,0,0,0,0,0,0,928
130,15,2,8,2,0,0,1366,768,0,1024,0,0,0,1,0,0,0,0,0,0,0,0,0,0,0,0,0,0,638
131,15,2,4,2,0,0,1920,1080,0,1024,0,0,0,1,0,0,0,0,0,0,0,0,0,0,0,0,0,0,449
132,14,1,8,1,0,256,1920,1080,1,0,0,0,0,0,0,0,0,0,0,0,0,0,0,0,0,0,0,0,884
133,15,2,4,2,0,256,1920,1080,0,0,0,0,0,0,0,0,0,0,0,0,0,0,0,0,0,0,0,0,572
134,15,2,8,2,0,0,1366,768,0,1024,0,0,0,0,0,0,1,0,0,0,0,0,0,0,0,0,0,0,598
135,14,1,8,1,0,256,1920,1080,0,0,0,0,0,0,0,0,1,0,0,0,0,0,0,0,0,0,0,0,988
136,15,1,4,1,0,0,1366,768,0,1024,0,0,0,0,0,0,0,0,0,1,0,0,0,0,0,0,0,0,252
137,17,2,8,3,0,128,1920,1080,0,1024,0,1,0,0,0,0,0,0,0,0,0,0,0,0,0,0,0,0,938
138,15,2,4,2,0,0,1920,1080,0,1024,0,0,0,0,0,0,0,0,0,1,0,0,0,0,0,0,0,0,499
139,13,2,4,1,0,256,1920,1080,1,0,0,0,0,0,0,0,1,0,0,0,0,0,0,0,0,0,0,0,699
140,17,2,4,3,0,0,1920,1080,1,1024,0,0,0,0,0,0,0,0,0,0,0,0,0,0,0,0,0,0,655
141,14,1,8,1,0,256,1920,1080,1,0,0,0,0,0,0,0,0,0,0,1,0,0,0,0,0,0,0,0,1116
142,15,2,8,2,0,256,1920,1080,1,0,0,0,0,0,0,0,0,0,0,1,0,0,0,0,0,0,0,0,869
143,15,2,4,2,0,0,1366,768,0,500,0,0,0,0,0,0,0,0,0,0,0,0,0,0,0,1,0,0,602
144,15,2,4,1,0,256,1366,768,0,0,0,0,0,0,0,0,1,0,0,0,0,0,0,0,0,0,0,0,369
145,14,1,8,1,0,256,1920,1080,0,0,0,1,0,0,0,0,0,0,0,0,0,0,0,0,0,0,0,0,1099
146,12,1,8,0,1,512,3840,2160,1,0,0,0,0,0,0,0,1,0,0,0,0,0,0,0,0,0,0,0,2014
147,15,1,4,2,0,0,1920,1080,0,1024,0,1,0,0,0,0,0,0,0,0,0,0,0,0,0,0,0,0,344
148,17,2,14,2,0,256,1920,1080,0,1024,0,0,0,0,0,0,0,0,0,0,1,0,0,0,0,0,0,0,2029
149,15,2,4,2,0,0,1366,768,0,1024,0,0,0,0,0,0,0,0,0,0,0,0,0,0,0,0,0,0,447
150,15,2,14,2,0,512,1920,1080,0,0,0,0,0,1,0,0,0,0,0,0,0,0,0,0,0,0,0,0,1249
151,15,2,8,2,0,0,1920,1080,0,0,0,0,0,1,0,0,0,0,0,0,0,0,0,0,0,0,0,0,899
152,15,2,4,1,0,128,1366,768,0,0,0,0,0,0,0,0,0,0,0,1,0,0,0,0,0,0,0,0,498
153,17,2,14,2,0,256,1920,1080,0,1024,0,0,0,0,0,0,0,0,0,0,1,0,0,0,0,0,0,0,1890
154,14,2,4,1,0,256,1920,1080,0,0,0,0,0,0,0,0,1,0,0,0,0,0,0,0,0,0,0,0,1082
155,15,1,6,1,0,256,1920,1080,0,0,0,0,0,0,0,0,1,0,0,0,0,0,0,0,0,0,0,0,619
156,14,2,4,1,1,256,1920,1080,1,0,0,0,0,0,0,0,0,0,0,1,0,0,0,0,0,0,0,0,629
157,13,1,8,1,1,256,1920,1080,0,0,0,1,0,0,0,0,0,0,0,0,0,0,0,0,0,0,0,0,1315
158,15,1,8,1,1,256,1920,1080,0,0,0,0,0,1,0,0,0,0,0,0,0,0,0,0,0,0,0,0,1049
159,15,2,4,2,0,0,1366,768,0,500,0,0,0,0,0,0,0,0,0,0,0,0,0,0,0,1,0,0,447
160,15,3,4,2,0,0,1366,768,0,1024,0,1,0,0,0,0,0,0,0,0,0,0,0,0,0,0,0,0,403
161,17,1,4,3,0,256,1920,1080,1,0,0,0,0,0,0,0,0,0,0,0,0,0,0,0,0,0,0,0,805
162,15,1,8,2,0,256,1920,1080,0,0,0,0,0,1,0,0,0,0,0,0,0,0,0,0,0,0,0,0,728
163,15,2,14,2,0,256,1920,1080,1,0,0,0,0,0,0,0,0,0,0,1,0,0,0,0,0,0,0,0,1079
164,15,1,4,2,0,0,1366,768,0,1024,0,0,0,0,0,0,0,0,0,0,0,0,0,0,0,0,0,0,348
165,15,2,14,2,0,256,1920,1080,1,1024,0,0,0,0,0,0,0,0,0,0,1,0,0,0,0,0,0,0,1799
166,15,1,4,2,0,0,1366,768,0,1024,0,0,0,0,0,0,0,0,0,0,0,0,0,0,0,0,0,0,363
167,15,2,8,2,0,128,1920,1080,0,1024,0,0,0,1,0,0,0,0,0,0,0,0,0,0,0,0,0,0,1060
168,17,1,8,3,0,256,1920,1080,1,0,0,0,0,0,0,0,0,0,0,0,0,0,0,0,0,0,0,0,854
169,13,1,4,1,0,0,1920,1080,1,500,0,0,0,0,0,0,1,0,0,0,0,0,0,0,0,0,0,0,754
170,13,2,8,1,0,256,2160,1440,1,0,0,0,0,0,0,0,0,1,0,0,0,0,0,0,0,0,0,0,1349
171,17,2,6,2,0,0,1920,1080,1,2048,0,0,0,0,0,0,1,0,0,0,0,0,0,0,0,0,0,0,699
172,15,2,4,2,0,0,1366,768,0,500,0,0,0,0,0,0,0,0,0,1,0,0,0,0,0,0,0,0,309
173,15,2,4,2,0,0,1366,768,0,500,0,0,0,0,0,0,0,0,0,0,0,0,0,0,0,1,0,0,489
174,17,1,8,2,0,256,1920,1080,0,0,0,0,0,0,0,0,1,0,0,0,0,0,0,0,0,0,0,0,923
175,15,2,8,2,0,0,1366,768,0,1024,0,0,0,1,0,0,0,0,0,0,0,0,0,0,0,0,0,0,459
176,15,2,4,2,0,128,1366,768,0,0,0,0,0,0,0,0,0,0,0,0,0,0,0,0,0,0,0,0,449
177,18,2,14,3,0,512,1920,1080,0,1024,0,0,0,0,0,0,0,0,0,0,1,0,0,0,0,0,0,0,2799
178,15,2,8,1,0,128,1920,1080,0,1024,0,0,0,0,0,0,0,0,0,1,0,0,0,0,0,0,0,0,813
179,13,1,8,1,1,256,3840,2160,1,0,0,0,0,0,0,0,1,0,0,0,0,0,0,0,0,0,0,0,1499
180,15,1,14,2,0,256,1920,1080,0,2048,0,0,0,1,0,0,0,0,0,0,0,0,0,0,0,0,0,0,1049
181,13,1,8,1,0,256,1920,1080,0,0,0,0,0,1,0,0,0,0,0,0,0,0,0,0,0,0,0,0,1399
182,13,1,14,1,1,512,3840,2160,1,0,0,0,0,0,0,0,0,0,0,1,0,0,0,0,0,0,0,0,1849
183,15,2,8,2,0,128,1366,768,0,0,0,0,0,0,0,0,0,0,0,0,0,0,0,0,0,1,0,0,793
184,15,1,8,1,0,256,1920,1080,1,0,0,0,0,0,0,0,0,0,0,0,0,0,0,0,0,0,0,1,1199
185,17,1,14,2,1,512,1920,1080,0,0,0,0,0,1,0,0,0,0,0,0,0,0,0,0,0,0,0,0,1549
186,15,2,14,2,1,512,3840,2160,0,0,0,0,0,1,0,0,0,0,0,0,0,0,0,0,0,0,0,0,2397
187,15,2,8,2,0,256,1920,1080,1,0,0,0,0,0,0,0,0,0,0,1,0,0,0,0,0,0,0,0,779
188,13,1,8,1,0,256,1920,1080,1,0,0,0,0,0,0,0,0,0,0,0,0,0,0,0,0,0,0,0,989
189,17,1,8,2,0,128,1920,1080,0,1024,0,0,0,1,0,0,0,0,0,0,0,0,0,0,0,0,0,0,1085
190,14,2,14,1,1,1024,2560,1440,0,0,0,0,0,0,0,0,0,0,0,1,0,0,0,0,0,0,0,0,2824
191,14,1,4,1,0,0,1920,1080,1,0,0,0,0,0,0,0,0,0,0,0,0,0,0,0,0,0,1,0,260
192,13,2,8,1,0,256,1920,1080,1,0,0,0,0,0,0,0,0,0,0,0,0,0,0,0,0,0,0,1,999
193,17,1,8,2,0,256,1600,900,0,0,0,0,0,0,0,0,0,0,0,1,0,0,0,0,0,0,0,0,698
194,13,1,8,1,1,0,1920,1080,1,1024,0,0,0,1,0,0,0,0,0,0,0,0,0,0,0,0,0,0,839
195,17,1,8,2,0,0,1920,1080,1,1024,0,0,0,0,0,0,1,0,0,0,0,0,0,0,0,0,0,0,914
196,17,2,14,3,1,1024,3840,2160,0,0,0,0,0,0,0,0,0,0,0,0,0,0,0,1,0,0,0,0,2827
197,13,1,8,1,0,512,1920,1080,0,0,0,0,0,0,0,0,1,0,0,0,0,0,0,0,0,0,0,0,959
198,17,2,14,3,0,256,1920,1080,1,1024,0,0,0,0,0,0,1,0,0,0,0,0,0,0,0,0,0,0,1379
199,17,1,8,2,0,256,1920,1080,0,0,0,0,0,0,0,0,1,0,0,0,0,0,0,0,0,0,0,0,1045
200,15,2,14,2,0,512,3840,2160,1,1024,0,0,0,1,0,0,0,0,0,0,0,0,0,0,0,0,0,0,1845
201,15,2,4,2,0,128,1366,768,0,0,0,0,0,0,0,0,0,0,0,1,0,0,0,0,0,0,0,0,493
202,15,2,8,2,0,0,1920,1080,0,1024,0,0,0,0,0,0,0,0,0,0,0,0,0,0,0,0,0,0,742
203,15,2,14,3,0,512,1920,1080,1,1024,0,0,0,0,0,0,0,0,0,1,0,0,0,0,0,0,0,0,1749
204,15,3,14,2,0,256,3840,2160,0,1024,0,0,0,1,0,0,0,0,0,0,0,0,0,0,0,0,0,0,2827
205,15,2,14,2,0,512,1920,1080,0,0,0,0,0,0,0,0,0,0,0,1,0,0,0,0,0,0,0,0,1398
206,15,2,6,2,1,0,1366,768,0,1024,0,0,0,1,0,0,0,0,0,0,0,0,0,0,0,0,0,0,439
207,13,1,8,1,1,256,3840,2160,1,0,0,0,0,1,0,0,0,0,0,0,0,0,0,0,0,0,0,0,1949
208,13,1,8,1,0,256,1920,1080,0,0,0,0,0,1,0,0,0,0,0,0,0,0,0,0,0,0,0,0,1449
209,15,2,8,2,0,256,1366,768,0,0,0,0,0,0,0,0,0,0,0,1,0,0,0,0,0,0,0,0,597
210,15,2,8,2,0,0,1920,1080,0,1024,0,0,0,0,0,0,0,0,0,0,0,0,0,0,0,0,0,0,779
211,17,2,14,2,0,256,1920,1080,0,1024,0,1,0,0,0,0,0,0,0,0,0,0,0,0,0,0,0,0,1407
212,15,2,4,2,0,0,1920,1080,0,500,0,0,0,0,0,0,1,0,0,0,0,0,0,0,0,0,0,0,349
213,15,2,8,2,0,256,1920,1080,0,0,0,0,0,0,0,0,0,0,0,1,0,0,0,0,0,0,0,0,549
214,13,2,8,1,0,512,2160,1440,1,0,0,0,0,0,0,0,0,1,0,0,0,0,0,0,0,0,0,0,1499
215,13,1,8,1,0,256,1920,1080,1,0,0,0,0,1,0,0,0,0,0,0,0,0,0,0,0,0,0,0,931
216,17,2,8,2,0,0,1600,900,0,1024,0,0,0,0,0,0,0,0,0,1,0,0,0,0,0,0,0,0,589
217,14,1,8,1,0,256,1920,1080,0,0,0,0,0,0,0,0,1,0,0,0,0,0,0,0,0,0,0,0,1031
218,14,1,8,1,0,256,1920,1080,0,0,0,0,0,1,0,0,0,0,0,0,0,0,0,0,0,0,0,0,1149
219,13,1,14,1,1,512,1920,1080,0,0,0,0,0,1,0,0,0,0,0,0,0,0,0,0,0,0,0,0,1279
220,15,1,8,2,0,256,1920,1080,0,0,0,0,0,1,0,0,0,0,0,0,0,0,0,0,0,0,0,0,677
221,14,1,8,1,0,256,1920,1080,1,0,0,0,0,0,0,0,0,0,0,1,0,0,0,0,0,0,0,0,899
222,13,2,8,1,0,256,1920,1080,0,0,0,0,0,0,0,0,0,0,0,0,0,0,0,0,0,1,0,0,1363
223,15,1,8,2,0,0,1920,1080,0,1024,0,0,0,0,0,0,1,0,0,0,0,0,0,0,0,0,0,0,794
224,17,2,14,3,0,256,1920,1080,1,1024,0,0,0,1,0,0,0,0,0,0,0,0,0,0,0,0,0,0,2456
225,15,2,8,2,0,256,1920,1080,0,0,0,0,0,0,0,0,0,0,0,0,0,0,0,0,0,0,0,0,832
226,15,2,14,2,1,0,1920,1080,0,1024,0,0,0,1,0,0,0,0,0,0,0,0,0,0,0,0,0,0,859
227,15,2,8,2,0,256,1920,1080,0,0,0,1,0,0,0,0,0,0,0,0,0,0,0,0,0,0,0,0,769
228,17,2,8,2,0,256,1920,1080,0,500,0,1,0,0,0,0,0,0,0,0,0,0,0,0,0,0,0,0,891
229,15,2,8,1,0,0,1920,1080,0,1024,0,0,0,0,0,0,1,0,0,0,0,0,0,0,0,0,0,0,1269
230,15,2,4,2,0,0,1366,768,0,1024,0,1,0,0,0,0,0,0,0,0,0,0,0,0,0,0,0,0,398
231,15,1,4,2,0,0,1366,768,0,500,0,0,0,0,0,0,1,0,0,0,0,0,0,0,0,0,0,0,330
232,15,2,14,3,0,256,1920,1080,1,1024,0,0,0,0,0,0,0,0,0,1,0,0,0,0,0,0,0,0,1499
233,14,2,8,1,0,256,1920,1080,0,0,0,0,0,1,0,0,0,0,0,0,0,0,0,0,0,0,0,0,859
234,13,2,8,1,1,256,1920,1080,1,0,0,0,0,0,0,0,0,0,0,0,0,0,0,0,0,0,0,0,689
235,15,2,14,2,0,256,1920,1080,0,0,0,0,0,1,0,0,0,0,0,0,0,0,0,0,0,0,0,0,899
236,15,2,4,2,0,0,1366,768,0,1024,0,0,0,0,0,0,0,0,0,0,0,0,0,0,0,0,0,0,390
237,15,2,4,2,0,128,1920,1080,0,1024,0,1,0,0,0,0,0,0,0,0,0,0,0,0,0,0,0,0,575
238,17,2,14,3,0,512,1920,1080,0,1024,0,1,0,0,0,0,0,0,0,0,0,0,0,0,0,0,0,0,2827
239,15,2,8,2,0,256,1920,1080,1,0,0,0,0,0,0,0,0,0,0,0,0,0,0,0,0,0,0,0,846
240,15,2,8,2,0,128,1366,768,0,0,0,0,0,0,0,0,0,0,0,1,0,0,0,0,0,0,0,0,589
241,17,1,8,2,0,128,1920,1080,0,1024,0,1,0,0,0,0,0,0,0,0,0,0,0,0,0,0,0,0,1145
242,17,2,8,2,0,128,1920,1080,0,1024,0,1,0,0,0,0,0,0,0,0,0,0,0,0,0,0,0,0,889
243,15,2,8,2,0,256,1920,1080,0,0,0,0,0,1,0,0,0,0,0,0,0,0,0,0,0,0,0,0,879
244,13,2,8,1,1,256,1920,1080,1,0,0,0,0,0,0,0,0,0,0,1,0,0,0,0,0,0,0,0,1079
245,15,1,8,2,0,128,1920,1080,0,2048,0,0,0,1,0,0,0,0,0,0,0,0,0,0,0,0,0,0,985
246,15,2,8,2,1,0,1366,768,0,1024,0,0,0,0,0,0,1,0,0,0,0,0,0,0,0,0,0,0,559
247,17,2,14,3,0,256,1920,1080,0,0,0,1,0,0,0,0,0,0,0,0,0,0,0,0,0,0,0,0,2827
248,13,1,4,1,0,0,1920,1080,1,500,0,0,0,0,0,0,1,0,0,0,0,0,0,0,0,0,0,0,675
249,13,3,8,1,0,512,2560,1600,1,0,1,0,0,0,0,0,0,0,0,0,0,0,0,0,0,0,0,0,2040
250,15,1,8,2,1,0,1920,1080,1,1024,0,0,0,1,0,0,0,0,0,0,0,0,0,0,0,0,0,0,819
251,17,2,14,3,0,256,1920,1080,0,1024,0,1,0,0,0,0,0,0,0,0,0,0,0,0,0,0,0,0,1799
252,15,3,4,1,0,0,1366,768,0,1024,0,1,0,0,0,0,0,0,0,0,0,0,0,0,0,0,0,0,469
253,13,1,8,1,1,512,1920,1080,1,0,0,0,0,0,0,0,0,0,0,1,0,0,0,0,0,0,0,0,1849
254,17,2,4,3,0,256,1920,1080,1,0,0,0,0,0,0,0,0,0,0,0,0,0,0,0,0,0,0,0,702
255,13,1,8,1,0,256,1920,1080,0,0,0,0,0,1,0,0,0,0,0,0,0,0,0,0,0,0,0,0,949
256,15,2,8,1,0,128,1366,768,0,0,0,0,0,0,0,0,1,0,0,0,0,0,0,0,0,0,0,0,445
257,17,1,14,2,0,0,1920,1080,1,1024,0,0,0,0,0,0,1,0,0,0,0,0,0,0,0,0,0,0,1059
258,17,2,14,3,0,512,1920,1080,0,1024,0,0,0,0,0,0,0,0,0,0,1,0,0,0,0,0,0,0,2499
259,15,2,8,2,1,512,1920,1080,1,0,0,0,0,0,0,0,0,0,0,1,0,0,0,0,0,0,0,0,1699
260,17,1,8,2,0,128,1920,1080,0,1024,0,0,0,1,0,0,0,0,0,0,0,0,0,0,0,0,0,0,1142
261,15,2,4,2,0,256,1920,1080,0,0,0,0,0,0,0,0,0,0,0,1,0,0,0,0,0,0,0,0,444
262,15,1,4,2,0,0,1920,1080,1,500,0,0,0,0,0,0,1,0,0,0,0,0,0,0,0,0,0,0,722
263,15,2,4,2,0,0,1920,1080,0,1024,0,0,0,1,0,0,0,0,0,0,0,0,0,0,0,0,0,0,657
264,15,2,8,2,0,0,1920,1080,0,1024,0,0,0,1,0,0,0,0,0,0,0,0,0,0,0,0,0,0,565
265,15,1,8,2,1,256,1920,1080,0,0,0,0,0,1,0,0,0,0,0,0,0,0,0,0,0,0,0,0,799
266,13,1,8,1,1,1024,1920,1080,0,0,0,1,0,0,0,0,0,0,0,0,0,0,0,0,0,0,0,0,1499
267,15,2,4,2,0,0,1920,1080,0,1024,0,0,0,0,0,0,0,0,0,1,0,0,0,0,0,0,0,0,467
268,17,1,8,2,0,0,1920,1080,0,1024,0,0,0,0,0,0,1,0,0,0,0,0,0,0,0,0,0,0,1018
269,15,1,8,2,0,256,1920,1080,0,0,0,0,0,0,0,0,0,0,0,1,0,0,0,0,0,0,0,0,880
270,13,2,8,1,0,512,2560,1600,1,0,1,0,0,0,0,0,0,0,0,0,0,0,0,0,0,0,0,0,1958
271,17,3,14,3,0,256,1920,1080,0,1024,0,1,0,0,0,0,0,0,0,0,0,0,0,0,0,0,0,0,1549
272,15,1,8,2,0,256,1920,1080,0,0,0,0,0,1,0,0,0,0,0,0,0,0,0,0,0,0,0,0,735
273,14,2,14,1,1,512,2560,1440,0,0,0,0,0,0,0,0,0,0,0,1,0,0,0,0,0,0,0,0,2499
274,15,2,8,2,0,0,1366,768,0,500,0,0,0,0,0,0,0,0,0,0,0,0,0,0,0,1,0,0,812
275,15,2,12,2,0,0,1366,768,0,1024,0,0,0,1,0,0,0,0,0,0,0,0,0,0,0,0,0,0,713
276,17,1,8,2,0,128,1920,1080,0,1024,0,0,0,1,0,0,0,0,0,0,0,0,0,0,0,0,0,0,1099
277,15,1,8,2,0,0,1920,1080,1,1024,0,0,0,0,0,0,0,0,0,0,0,0,0,0,0,0,0,0,745
278,17,2,4,2,0,0,1600,900,0,1024,0,0,0,0,0,0,0,0,0,1,0,0,0,0,0,0,0,0,489
279,17,1,8,2,0,0,1920,1080,0,2048,0,0,0,0,0,0,0,0,0,1,0,0,0,0,0,0,0,0,849
280,17,2,6,2,0,128,1600,900,0,1024,0,0,0,0,0,0,0,0,0,1,0,0,0,0,0,0,0,0,859
281,15,2,4,2,0,0,1920,1080,0,1024,0,0,0,1,0,0,0,0,0,0,0,0,0,0,0,0,0,0,428
282,15,2,8,2,0,256,1920,1080,1,0,0,0,0,0,0,0,0,0,0,1,0,0,0,0,0,0,0,0,829
283,15,2,6,2,0,256,1920,1080,0,0,0,0,0,0,0,0,0,0,0,1,0,0,0,0,0,0,0,0,579
284,15,1,8,3,0,256,1920,1080,1,0,0,0,0,0,0,0,0,0,0,0,0,0,0,0,0,0,0,0,951
285,15,2,12,2,1,0,1920,1080,1,1024,0,0,0,0,0,0,0,0,0,0,0,0,0,0,0,0,0,0,659
286,15,2,8,1,0,256,1920,1080,1,0,0,0,0,0,0,0,0,0,0,1,0,0,0,0,0,0,0,0,1097
287,15,2,8,1,0,256,1920,1080,0,0,0,1,0,0,0,0,0,0,0,0,0,0,0,0,0,0,0,0,977
288,15,2,14,2,0,256,1920,1080,1,1024,0,0,0,0,0,0,0,0,0,1,0,0,0,0,0,0,0,0,1179
289,15,2,8,2,0,0,1920,1080,0,1024,0,0,0,0,0,0,0,0,0,1,0,0,0,0,0,0,0,0,659
290,15,1,2,2,0,16,1366,768,0,0,0,0,0,0,0,0,0,0,0,0,0,0,0,0,0,0,0,0,199
291,17,2,8,3,0,0,1920,1080,0,1024,0,1,0,0,0,0,0,0,0,0,0,0,0,0,0,0,0,0,1187
292,17,2,8,2,0,0,1600,900,0,1024,0,0,0,0,0,0,1,0,0,0,0,0,0,0,0,0,0,0,489
293,15,2,8,2,0,256,1920,1080,0,0,0,0,0,1,0,0,0,0,0,0,0,0,0,0,0,0,0,0,1829
294,15,1,8,2,0,256,1920,1080,0,0,0,0,0,0,0,0,0,0,0,1,0,0,0,0,0,0,0,0,739
295,15,2,8,3,0,0,1920,1080,1,1024,0,0,0,0,0,0,0,0,0,1,0,0,0,0,0,0,0,0,1299
296,15,2,8,2,0,256,1920,1080,0,0,0,0,0,0,0,0,0,0,0,0,0,0,0,0,0,0,0,0,979
297,17,2,14,3,0,256,1920,1080,0,0,0,0,0,1,0,0,0,0,0,0,0,0,0,0,0,0,0,0,2827
298,15,2,6,2,0,0,1920,1080,0,1024,0,0,0,0,0,0,0,0,0,1,0,0,0,0,0,0,0,0,499
299,15,2,14,1,0,512,1920,1080,0,0,0,1,0,0,0,0,0,0,0,0,0,0,0,0,0,0,0,0,1468
300,14,2,4,1,0,128,1366,768,0,0,0,1,0,0,0,0,0,0,0,0,0,0,0,0,0,0,0,0,509
301,17,2,14,2,0,256,1920,1080,0,1024,0,1,0,0,0,0,0,0,0,0,0,0,0,0,0,0,0,0,2122
302,17,2,6,2,0,0,1600,900,0,1024,0,0,0,0,0,0,0,0,0,1,0,0,0,0,0,0,0,0,649
303,15,2,8,2,0,0,1366,768,0,2048,0,0,0,0,0,0,0,0,0,1,0,0,0,0,0,0,0,0,549
304,15,2,8,2,0,128,1920,1080,0,1024,0,1,0,0,0,0,0,0,0,0,0,0,0,0,0,0,0,0,1265
305,15,1,4,2,0,0,1366,768,0,1024,0,0,0,0,0,0,0,0,0,1,0,0,0,0,0,0,0,0,359
306,13,2,14,1,1,256,1920,1080,0,0,0,0,0,0,0,0,1,0,0,0,0,0,0,0,0,0,0,0,1975
307,15,2,8,2,0,256,1920,1080,1,0,0,0,0,0,0,0,0,0,0,0,0,0,0,0,0,1,0,0,1043
308,15,2,8,2,0,128,1920,1080,0,1024,0,0,0,0,0,0,0,0,0,1,0,0,0,0,0,0,0,0,819
309,15,2,4,1,0,0,1920,1080,0,1024,0,0,0,0,0,0,1,0,0,0,0,0,0,0,0,0,0,0,469
310,13,2,8,1,0,256,1920,1080,1,0,0,0,0,0,0,0,0,0,0,1,0,0,0,0,0,0,0,0,999
311,13,1,14,1,1,1024,3840,2160,1,0,0,0,0,1,0,0,0,0,0,0,0,0,0,0,0,0,0,0,2499
312,15,2,14,2,0,256,1920,1080,1,1024,0,0,0,0,0,0,0,0,0,0,1,0,0,0,0,0,0,0,2099
313,15,2,8,2,0,256,1920,1080,0,0,0,0,0,0,0,0,0,0,0,0,0,0,0,0,0,0,0,0,469
314,11,1,2,1,1,0,1366,768,0,0,0,1,0,0,0,0,0,0,0,0,0,0,0,0,0,0,0,0,275
315,15,1,8,2,0,128,1920,1080,0,1024,0,0,0,1,0,0,0,0,0,0,0,0,0,0,0,0,0,0,844
316,13,1,14,1,1,1024,3840,2160,1,0,0,0,0,0,0,0,1,0,0,0,0,0,0,0,0,0,0,0,2449
317,13,1,4,1,0,0,1366,768,0,0,0,0,0,0,0,0,0,0,0,1,0,0,0,0,0,0,0,0,459
318,14,2,8,1,0,256,1920,1080,0,0,0,0,0,0,0,0,1,0,0,0,0,0,0,0,0,0,0,0,980
319,11,1,4,1,0,0,1366,768,0,0,0,0,0,0,0,0,0,0,0,0,0,0,0,0,0,0,0,0,485
320,14,2,8,1,0,256,1920,1080,0,0,0,0,0,0,0,0,1,0,0,0,0,0,0,0,0,0,0,0,1292
321,17,2,4,2,0,0,1600,900,0,1024,0,0,0,0,0,0,0,0,0,1,0,0,0,0,0,0,0,0,589
322,14,2,8,2,0,256,1920,1080,0,0,0,1,0,0,0,0,0,0,0,0,0,0,0,0,0,0,0,0,1094
323,15,1,8,2,0,0,1366,768,1,1024,0,0,0,0,0,0,1,0,0,0,0,0,0,0,0,0,0,0,902
324,15,2,8,2,0,256,1366,768,0,0,0,0,0,0,0,0,0,0,0,0,0,0,0,0,0,0,0,0,659
325,14,1,4,1,0,0,1366,768,0,0,0,0,0,0,0,0,0,0,0,1,0,0,0,0,0,0,0,0,292
326,15,2,6,2,0,0,1366,768,0,1024,0,0,0,0,0,0,0,0,0,0,0,0,0,0,0,0,0,0,549
327,15,2,8,1,0,256,1920,1080,0,0,0,1,0,0,0,0,0,0,0,0,0,0,0,0,0,0,0,0,1049
328,12,2,8,1,0,256,1920,1080,0,0,0,0,0,0,0,0,1,0,0,0,0,0,0,0,0,0,0,0,1335
329,15,2,14,2,1,1024,3840,2160,0,0,0,0,0,1,0,0,0,0,0,0,0,0,0,0,0,0,0,0,2639
330,17,2,8,2,0,256,1920,1080,0,1024,0,0,0,0,0,0,0,0,0,0,1,0,0,0,0,0,0,0,1199
331,15,2,8,2,0,256,1920,1080,1,0,0,0,0,0,0,0,0,0,0,0,0,0,0,0,0,1,0,0,943
332,14,2,8,2,0,256,1920,1080,0,1024,0,1,0,0,0,0,0,0,0,0,0,0,0,0,0,0,0,0,1334
333,15,2,4,1,0,0,1920,1080,0,1024,0,0,0,0,0,0,0,0,0,1,0,0,0,0,0,0,0,0,449
334,15,2,8,2,0,256,1920,1080,0,0,0,1,0,0,0,0,0,0,0,0,0,0,0,0,0,0,0,0,999
335,14,2,8,1,0,256,1920,1080,0,0,0,0,0,0,0,0,1,0,0,0,0,0,0,0,0,0,0,0,1268
336,15,1,8,1,0,128,1920,1080,1,1024,0,0,0,1,0,0,0,0,0,0,0,0,0,0,0,0,0,0,1049
337,15,2,8,1,0,256,1920,1080,0,0,0,0,0,0,0,0,1,0,0,0,0,0,0,0,0,0,0,0,1144
338,15,1,4,2,0,0,1366,768,0,1024,0,1,0,0,0,0,0,0,0,0,0,0,0,0,0,0,0,0,274
339,15,1,8,2,0,256,1920,1080,0,0,0,0,0,1,0,0,0,0,0,0,0,0,0,0,0,0,0,0,1142
340,15,1,4,2,0,0,1366,768,0,500,0,0,0,1,0,0,0,0,0,0,0,0,0,0,0,0,0,0,274
341,15,3,12,2,0,0,1920,1080,0,2048,0,0,0,0,0,0,0,0,0,1,0,0,0,0,0,0,0,0,899
342,15,2,8,2,0,0,1920,1080,1,1024,0,0,0,0,0,0,1,0,0,0,0,0,0,0,0,0,0,0,716
343,13,1,14,1,1,512,3840,2160,1,0,0,0,0,0,0,0,0,0,0,1,0,0,0,0,0,0,0,0,2099
344,13,1,8,1,0,256,1920,1080,0,0,0,0,0,1,0,0,0,0,0,0,0,0,0,0,0,0,0,0,1579
345,15,2,14,2,0,256,1920,1080,1,2048,0,0,0,0,0,0,0,0,0,1,0,0,0,0,0,0,0,0,1129
346,14,1,2,1,0,0,1366,768,0,0,0,0,0,0,0,0,1,0,0,0,0,0,0,0,0,0,0,0,279
347,15,1,14,1,0,768,1920,1080,0,0,0,0,0,1,0,0,0,0,0,0,0,0,0,0,0,0,0,0,1607
348,11,1,4,1,1,0,1366,768,0,0,0,1,0,0,0,0,0,0,0,0,0,0,0,0,0,0,0,0,375
349,15,1,8,1,0,0,1920,1080,0,1024,0,0,0,1,0,0,0,0,0,0,0,0,0,0,0,0,0,0,663
350,15,2,14,2,1,512,3840,2160,0,0,0,0,0,1,0,0,0,0,0,0,0,0,0,0,0,0,0,0,2027
351,15,2,8,1,0,256,1920,1080,0,0,0,0,0,0,0,0,1,0,0,0,0,0,0,0,0,0,0,0,1304
352,17,2,8,2,0,128,1920,1080,0,1024,0,0,0,0,0,0,0,0,0,0,1,0,0,0,0,0,0,0,1409
353,15,2,8,2,0,256,1920,1080,0,0,0,0,0,0,0,0,1,0,0,0,0,0,0,0,0,0,0,0,1738
354,15,2,14,2,0,512,1920,1080,1,0,0,0,0,0,0,0,0,0,0,0,0,0,0,0,0,1,0,0,1403
355,15,1,8,2,0,128,1920,1080,0,2048,0,0,0,1,0,0,0,0,0,0,0,0,0,0,0,0,0,0,970
356,15,1,4,2,0,0,1366,768,0,1024,0,0,0,0,0,0,0,0,0,1,0,0,0,0,0,0,0,0,321
357,15,2,8,2,0,0,1920,1080,0,1024,0,0,0,1,0,0,0,0,0,0,0,0,0,0,0,0,0,0,999
358,15,2,8,2,1,0,1366,768,0,2048,0,0,0,1,0,0,0,0,0,0,0,0,0,0,0,0,0,0,557
359,14,2,8,1,0,256,1920,1080,0,0,0,0,0,1,0,0,0,0,0,0,0,0,0,0,0,0,0,0,1427
360,15,2,4,1,0,0,1366,768,0,500,0,0,0,0,0,0,1,0,0,0,0,0,0,0,0,0,0,0,439
361,14,2,8,2,0,256,1920,1080,0,0,0,1,0,0,0,0,0,0,0,0,0,0,0,0,0,0,0,0,945
362,17,2,6,2,0,128,1600,900,0,1024,0,0,0,0,0,0,0,0,0,1,0,0,0,0,0,0,0,0,719
363,15,2,8,1,0,0,1920,1080,0,1024,0,0,0,0,0,0,1,0,0,0,0,0,0,0,0,0,0,0,639
364,15,2,8,2,0,256,1366,768,0,0,0,0,0,0,0,0,0,0,0,1,0,0,0,0,0,0,0,0,499
365,15,1,8,2,0,0,1366,768,0,2048,0,0,0,0,0,0,1,0,0,0,0,0,0,0,0,0,0,0,389
366,17,1,8,2,0,128,1920,1080,0,1024,0,0,0,1,0,0,0,0,0,0,0,0,0,0,0,0,0,0,1085
367,15,2,8,2,0,128,1920,1080,1,1024,0,0,0,0,0,0,0,0,0,1,0,0,0,0,0,0,0,0,809
368,15,2,8,2,0,256,1920,1080,0,0,0,0,0,1,0,0,0,0,0,0,0,0,0,0,0,0,0,0,899
369,14,2,8,1,0,256,1920,1080,1,0,0,0,0,0,0,0,1,0,0,0,0,0,0,0,0,0,0,0,1750
370,15,2,12,2,1,512,1920,1080,0,2048,0,1,0,0,0,0,0,0,0,0,0,0,0,0,0,0,0,0,1099
371,15,3,4,2,0,128,1366,768,0,0,0,0,0,0,0,0,0,0,0,0,0,0,0,0,0,0,0,0,426
372,17,3,14,3,0,256,1920,1080,1,1024,0,1,0,0,0,0,0,0,0,0,0,0,0,0,0,0,0,0,2199
373,17,2,4,2,0,128,1600,900,0,0,0,0,0,0,0,0,0,0,0,1,0,0,0,0,0,0,0,0,489
374,13,1,8,1,1,256,1920,1080,0,0,0,0,0,1,0,0,0,0,0,0,0,0,0,0,0,0,0,0,869
375,15,3,4,1,0,256,1920,1080,0,0,0,0,0,0,0,0,1,0,0,0,0,0,0,0,0,0,0,0,488
376,11,1,4,1,0,128,1366,768,1,0,0,0,0,0,0,0,0,0,0,1,0,0,0,0,0,0,0,0,553
377,15,1,4,1,0,0,1366,768,0,500,0,0,0,1,0,0,0,0,0,0,0,0,0,0,0,0,0,0,309
378,14,1,4,1,0,0,1366,768,0,0,0,1,0,0,0,0,0,0,0,0,0,0,0,0,0,0,0,0,286
379,15,2,8,2,0,0,1920,1080,0,1024,0,0,0,0,0,0,0,0,0,0,0,0,0,0,0,0,0,0,846
380,17,2,8,3,0,128,1920,1080,1,1024,0,0,0,0,0,0,1,0,0,0,0,0,0,0,0,0,0,0,1191
381,15,2,4,1,0,128,1920,1080,0,0,0,0,0,0,0,0,0,0,0,1,0,0,0,0,0,0,0,0,403
382,15,2,8,2,0,128,1920,1080,1,1024,0,1,0,0,0,0,0,0,0,0,0,0,0,0,0,0,0,0,1655
383,14,2,8,1,0,256,1920,1080,1,0,0,0,0,0,0,0,0,0,0,1,0,0,0,0,0,0,0,0,1099
384,13,2,14,1,1,512,1920,1080,0,0,0,1,0,0,0,0,0,0,0,0,0,0,0,0,0,0,0,0,1748
385,14,2,8,1,0,512,2560,1440,1,0,0,0,0,0,0,0,0,0,0,1,0,0,0,0,0,0,0,0,2282
386,13,2,4,1,0,128,1920,1080,1,0,0,0,0,0,0,0,0,0,0,1,0,0,0,0,0,0,0,0,549
387,15,2,8,2,0,0,1920,1080,0,500,0,0,0,1,0,0,0,0,0,0,0,0,0,0,0,0,0,0,1369
388,15,2,8,2,0,256,1920,1080,1,0,0,0,0,1,0,0,0,0,0,0,0,0,0,0,0,0,0,0,2135
389,14,2,14,1,1,512,2560,1440,0,0,0,0,0,0,0,0,0,0,0,1,0,0,0,0,0,0,0,0,2509
390,17,2,8,3,0,0,1920,1080,0,1024,0,1,0,0,0,0,0,0,0,0,0,0,0,0,0,0,0,0,1039
391,17,2,14,3,0,256,1920,1080,0,1024,0,1,0,0,0,0,0,0,0,0,0,0,0,0,0,0,0,0,1591
392,15,1,12,2,0,0,1366,768,1,1024,0,0,0,0,0,0,0,0,0,0,0,0,0,0,0,0,0,0,693
393,17,2,8,2,0,256,1920,1080,0,0,0,0,0,0,0,0,0,0,0,0,1,0,0,0,0,0,0,0,1349
394,15,2,8,2,0,256,1920,1080,0,0,0,0,0,1,0,0,0,0,0,0,0,0,0,0,0,0,0,0,778
395,15,3,4,1,0,256,1920,1080,0,0,0,0,0,0,0,0,1,0,0,0,0,0,0,0,0,0,0,0,499
396,15,1,8,2,0,256,1920,1080,1,0,0,0,0,0,0,0,0,0,0,1,0,0,0,0,0,0,0,0,1229
397,14,2,8,1,0,256,1920,1080,1,0,0,0,0,0,0,0,0,0,0,1,0,0,0,0,0,0,0,0,938
398,15,2,8,1,1,256,3840,2160,0,0,0,0,0,1,0,0,0,0,0,0,0,0,0,0,0,0,0,0,2712
399,14,2,14,1,0,1024,2560,1440,1,0,0,0,0,0,0,0,0,0,0,1,0,0,0,0,0,0,0,0,2625
400,15,1,4,2,0,0,1366,768,0,1024,0,0,0,0,0,0,0,0,0,1,0,0,0,0,0,0,0,0,306
401,17,2,14,2,0,256,1920,1080,0,1024,0,1,0,0,0,0,0,0,0,0,0,0,0,0,0,0,0,0,1529
402,15,1,8,2,0,256,1920,1080,1,1024,0,0,0,0,0,0,0,0,0,1,0,0,0,0,0,0,0,0,1144
403,15,2,8,2,0,256,1920,1080,0,0,0,0,0,0,0,0,0,0,0,0,0,0,0,0,0,0,0,0,879
404,17,2,14,2,0,256,1920,1080,0,1024,0,0,0,0,0,0,0,0,0,0,1,0,0,0,0,0,0,0,2249
405,14,2,8,1,0,512,1920,1080,0,0,0,1,0,0,0,0,0,0,0,0,0,0,0,0,0,0,0,0,1873
406,13,2,14,1,0,512,1920,1080,0,0,0,0,0,0,0,0,0,0,0,0,0,0,0,0,0,1,0,0,1747
407,14,2,8,1,0,512,1920,1080,0,0,0,0,0,1,0,0,0,0,0,0,0,0,0,0,0,0,0,0,1680
408,15,2,4,2,0,0,1920,1080,0,500,0,0,0,0,0,0,0,0,0,1,0,0,0,0,0,0,0,0,409
409,11,1,2,1,0,0,1366,768,0,0,0,0,0,0,0,0,0,0,0,1,0,0,0,0,0,0,0,0,304
410,15,2,8,2,0,512,1920,1080,0,0,0,0,0,0,0,0,0,0,0,1,0,0,0,0,0,0,0,0,1925
411,14,2,8,1,0,512,2560,1440,1,0,0,0,0,0,0,0,0,0,0,1,0,0,0,0,0,0,0,0,1943
412,15,2,4,2,0,0,1920,1080,0,1024,0,0,0,0,0,0,1,0,0,0,0,0,0,0,0,0,0,0,469
413,13,2,8,1,1,256,1920,1080,1,0,0,0,0,0,0,0,0,0,0,0,0,0,0,0,0,0,0,0,789
414,13,2,8,1,1,256,1920,1080,1,0,0,1,0,0,0,0,0,0,0,0,0,0,0,0,0,0,0,0,928
415,15,2,4,2,0,256,1920,1080,0,0,0,0,0,1,0,0,0,0,0,0,0,0,0,0,0,0,0,0,598
416,13,2,4,1,0,128,1366,768,0,0,0,0,0,1,0,0,0,0,0,0,0,0,0,0,0,0,0,0,689
417,14,2,8,1,0,256,1920,1080,0,0,0,0,0,0,0,0,1,0,0,0,0,0,0,0,0,0,0,0,1500
418,15,2,8,2,0,0,1366,768,0,1024,0,0,0,1,0,0,0,0,0,0,0,0,0,0,0,0,0,0,539
419,14,1,8,1,0,256,1920,1080,1,0,0,0,0,0,0,0,0,0,0,1,0,0,0,0,0,0,0,0,1215
420,15,2,14,2,1,512,3840,2160,1,0,0,0,0,0,0,0,0,0,0,1,0,0,0,0,0,0,0,0,1899
421,12,1,6,1,0,0,2736,1824,1,0,0,0,1,0,0,0,0,0,0,0,0,0,0,0,0,0,0,0,449
422,15,2,8,2,0,256,1920,1080,0,0,0,0,0,0,0,0,1,0,0,0,0,0,0,0,0,0,0,0,1427
423,15,2,8,2,0,0,1920,1080,0,1024,0,1,0,0,0,0,0,0,0,0,0,0,0,0,0,0,0,0,597
424,17,2,14,3,0,256,2560,1440,1,1024,0,0,0,1,0,0,0,0,0,0,0,0,0,0,0,0,0,0,2799
425,15,2,8,2,0,128,1920,1080,1,1024,0,0,0,1,0,0,0,0,0,0,0,0,0,0,0,0,0,0,1159
426,15,1,8,2,0,256,1920,1080,0,2048,0,0,0,1,0,0,0,0,0,0,0,0,0,0,0,0,0,0,1142
427,14,2,8,1,0,256,1920,1080,0,0,0,0,0,1,0,0,0,0,0,0,0,0,0,0,0,0,0,0,1099
428,17,2,12,3,0,256,1920,1080,0,1024,0,0,0,0,0,0,1,0,0,0,0,0,0,0,0,0,0,0,1999
429,11,1,4,1,1,32,1920,1080,1,0,0,0,0,0,0,0,0,0,0,0,0,1,0,0,0,0,0,0,299
430,11,1,4,1,0,0,1366,768,0,0,0,0,0,0,0,0,0,0,0,0,0,0,0,0,1,0,0,0,269
431,13,2,8,1,0,256,1920,1080,1,0,0,0,0,0,0,0,0,0,0,1,0,0,0,0,0,0,0,0,1010
432,14,2,4,1,0,128,1920,1080,1,0,0,0,0,0,0,0,0,0,0,1,0,0,0,0,0,0,0,0,599
433,15,2,14,2,0,512,3840,2160,1,0,0,0,0,0,0,0,0,0,0,1,0,0,0,0,0,0,0,0,2445
434,15,2,14,2,0,512,1920,1080,0,0,0,0,0,0,0,0,0,0,0,1,0,0,0,0,0,0,0,0,2449
435,17,3,8,3,0,256,1920,1080,0,1024,0,1,0,0,0,0,0,0,0,0,0,0,0,0,0,0,0,0,1695
436,15,1,4,2,0,0,1366,768,0,500,0,0,0,0,0,0,1,0,0,0,0,0,0,0,0,0,0,0,347
437,12,1,14,1,1,512,2400,1600,0,0,0,0,0,0,0,1,0,0,0,0,0,0,0,0,0,0,0,0,2199
438,14,2,14,1,0,512,2560,1440,0,0,0,0,0,0,0,0,0,0,0,1,0,0,0,0,0,0,0,0,2382
439,15,2,4,2,0,256,1920,1080,0,0,0,1,0,0,0,0,0,0,0,0,0,0,0,0,0,0,0,0,559
440,17,2,8,2,0,0,1600,900,0,1024,0,0,0,0,0,0,0,0,0,1,0,0,0,0,0,0,0,0,519
441,15,1,4,2,0,256,1920,1080,0,0,0,0,0,1,0,0,0,0,0,0,0,0,0,0,0,0,0,0,749
442,12,2,8,1,0,256,1920,1080,1,0,0,0,0,0,0,0,0,0,0,1,0,0,0,0,0,0,0,0,1429
443,15,1,4,2,0,128,1920,1080,0,0,0,0,0,0,0,0,0,0,0,1,0,0,0,0,0,0,0,0,349
444,15,2,8,2,0,128,1920,1080,1,1024,0,0,0,0,0,0,1,0,0,0,0,0,0,0,0,0,0,0,1099
445,14,2,8,1,0,256,1920,1080,0,0,0,0,0,1,0,0,0,0,0,0,0,0,0,0,0,0,0,0,1179
446,15,2,4,2,0,0,1366,768,0,500,0,0,0,0,0,0,0,0,0,0,0,0,0,0,0,0,0,0,441
447,15,3,8,2,0,0,1920,1080,0,1024,0,0,0,1,0,0,0,0,0,0,0,0,0,0,0,0,0,0,1993
448,15,2,8,2,0,256,1920,1080,0,0,0,0,0,0,0,0,0,0,0,0,1,0,0,0,0,0,0,0,1027
449,13,2,14,1,1,512,2256,1504,0,0,0,0,0,0,0,0,0,0,0,0,0,0,1,0,0,0,0,0,2589
450,15,2,8,1,0,128,1366,768,0,0,0,0,0,0,0,0,1,0,0,0,0,0,0,0,0,0,0,0,589
451,15,2,14,2,0,256,1920,1080,1,0,0,0,0,1,0,0,0,0,0,0,0,0,0,0,0,0,0,0,1975
452,15,2,8,2,0,512,1920,1080,1,0,0,0,0,0,0,0,1,0,0,0,0,0,0,0,0,0,0,0,1534
453,14,2,8,1,0,256,1920,1080,0,0,0,0,0,0,0,0,0,0,0,1,0,0,0,0,0,0,0,0,1345
454,15,1,8,2,0,128,1920,1080,0,1024,0,0,0,1,0,0,0,0,0,0,0,0,0,0,0,0,0,0,979
455,11,1,4,1,1,0,1366,768,0,500,0,0,0,1,0,0,0,0,0,0,0,0,0,0,0,0,0,0,479
456,17,2,8,3,0,0,1920,1080,1,1024,0,0,0,1,0,0,0,0,0,0,0,0,0,0,0,0,0,0,2046
457,13,2,4,1,1,128,2256,1504,0,0,0,0,0,0,0,0,0,0,0,0,0,0,1,0,0,0,0,0,989
458,13,2,8,1,1,256,2256,1504,0,0,0,0,0,0,0,0,0,0,0,0,0,0,1,0,0,0,0,0,1799
459,17,2,8,2,0,256,1600,900,0,0,0,0,0,0,0,0,1,0,0,0,0,0,0,0,0,0,0,0,639
460,15,2,4,2,0,0,1920,1080,0,1024,0,0,0,0,0,0,0,0,0,0,0,0,0,0,0,0,0,0,544
461,11,1,4,1,0,128,1366,768,0,0,0,0,0,0,0,0,0,0,0,0,0,0,0,0,0,0,0,0,435
462,15,2,8,2,0,0,1920,1080,0,1024,0,1,0,0,0,0,0,0,0,0,0,0,0,0,0,0,0,0,749
463,14,2,8,1,0,512,1920,1080,1,0,0,0,0,0,0,0,0,0,0,1,0,0,0,0,0,0,0,0,799
464,15,2,8,2,0,256,1920,1080,0,0,0,0,0,0,0,0,0,0,0,1,0,0,0,0,0,0,0,0,2090
465,15,1,4,2,0,0,1366,768,0,500,0,1,0,0,0,0,0,0,0,0,0,0,0,0,0,0,0,0,304
466,15,2,4,2,0,0,1366,768,0,500,0,0,0,0,0,0,0,0,0,0,0,0,0,0,0,0,0,0,469
467,15,1,8,2,0,0,1920,1080,0,2048,0,0,0,1,0,0,0,0,0,0,0,0,0,0,0,0,0,0,759
468,17,2,12,3,0,0,1920,1080,1,1024,0,0,0,0,0,0,1,0,0,0,0,0,0,0,0,0,0,0,1699
469,14,2,12,1,0,256,2560,1440,1,0,0,0,0,0,0,0,0,0,0,1,0,0,0,0,0,0,0,0,1858
470,13,1,8,1,1,512,3840,2160,1,0,0,0,0,0,0,0,1,0,0,0,0,0,0,0,0,0,0,0,1999
471,15,2,8,1,0,0,1920,1080,0,500,0,0,0,0,0,0,1,0,0,0,0,0,0,0,0,0,0,0,1154
472,12,1,8,1,1,128,2400,1600,0,0,0,0,0,0,0,1,0,0,0,0,0,0,0,0,0,0,0,0,1275
473,13,1,8,1,1,256,1920,1080,0,0,0,0,0,1,0,0,0,0,0,0,0,0,0,0,0,0,0,0,1841
474,15,2,12,2,0,128,3840,2160,1,1024,0,1,0,0,0,0,0,0,0,0,0,0,0,0,0,0,0,0,1299
475,14,2,8,1,0,128,1366,768,0,0,0,0,0,1,0,0,0,0,0,0,0,0,0,0,0,0,0,0,740
476,15,2,8,1,0,256,1920,1080,0,0,0,0,0,1,0,0,0,0,0,0,0,0,0,0,0,0,0,0,2408
477,14,2,8,1,0,180,1920,1080,0,0,0,0,0,0,0,0,0,0,0,1,0,0,0,0,0,0,0,0,1364
478,15,1,8,2,0,0,1920,1080,0,1024,0,0,0,1,0,0,0,0,0,0,0,0,0,0,0,0,0,0,675
479,13,2,8,1,0,256,1920,1080,1,0,0,0,0,0,0,0,0,0,0,0,0,0,0,0,0,1,0,0,1672
480,15,1,8,2,0,512,1920,1080,1,0,0,0,0,1,0,0,0,0,0,0,0,0,0,0,0,0,0,0,1262
481,15,2,4,2,0,0,1366,768,0,1024,0,0,0,1,0,0,0,0,0,0,0,0,0,0,0,0,0,0,586
482,13,1,4,1,0,128,1920,1080,1,0,0,0,0,0,0,0,1,0,0,0,0,0,0,0,0,0,0,0,726
483,15,1,4,1,0,0,1920,1080,0,0,0,0,1,0,0,0,0,0,0,0,0,0,0,0,0,0,0,0,248
484,15,2,4,2,0,128,1366,768,0,0,0,0,0,0,0,0,0,0,0,1,0,0,0,0,0,0,0,0,565
485,14,1,8,1,0,256,1920,1080,1,0,0,0,0,0,0,0,0,0,0,1,0,0,0,0,0,0,0,0,1049
486,15,2,14,2,0,512,1920,1080,1,0,0,0,0,1,0,0,0,0,0,0,0,0,0,0,0,0,0,0,2338
487,15,2,14,2,0,512,1920,1080,0,0,0,0,0,1,0,0,0,0,0,0,0,0,0,0,0,0,0,0,1899
488,12,2,14,1,0,512,1920,1080,1,0,0,0,0,0,0,0,0,0,0,1,0,0,0,0,0,0,0,0,1798
489,12,2,14,0,0,512,1920,1080,0,0,0,1,0,0,0,0,0,0,0,0,0,0,0,0,0,0,0,0,1950
490,15,2,8,2,0,256,1920,1080,1,0,0,0,0,0,0,0,0,0,0,1,0,0,0,0,0,0,0,0,1011
491,13,2,14,1,1,512,1920,1080,0,0,0,0,0,0,0,0,0,0,0,0,0,0,0,0,0,1,0,0,2799
492,15,2,8,1,0,128,1920,1080,0,1024,0,1,0,0,0,0,0,0,0,0,0,0,0,0,0,0,0,0,1350
493,15,2,8,2,0,0,1366,768,0,1024,0,0,0,0,0,0,0,0,0,0,0,0,0,0,0,0,0,0,579
494,17,2,14,3,1,256,1920,1080,1,1024,0,1,0,0,0,0,0,0,0,0,0,0,0,0,0,0,0,0,1269
495,12,2,8,1,0,180,1366,768,1,0,0,0,0,0,0,0,0,0,0,1,0,0,0,0,0,0,0,0,1099
496,15,1,8,2,0,256,1920,1080,0,0,0,0,0,0,0,0,0,0,0,1,0,0,0,0,0,0,0,0,898
497,14,2,8,1,0,1024,1920,1080,0,0,0,0,0,0,0,0,1,0,0,0,0,0,0,0,0,0,0,0,1749
498,13,2,8,1,0,256,1920,1080,1,0,0,0,0,0,0,0,0,0,0,1,0,0,0,0,0,0,0,0,949
499,15,2,8,2,0,256,1920,1080,1,0,0,0,0,0,0,0,0,0,0,1,0,0,0,0,0,0,0,0,911
500,11,1,4,1,0,0,1366,768,0,0,0,1,0,0,0,0,0,0,0,0,0,0,0,0,0,0,0,0,340
501,15,2,8,1,0,256,1366,768,0,0,0,0,0,0,0,0,1,0,0,0,0,0,0,0,0,0,0,0,618
502,13,1,8,1,1,256,1920,1080,1,0,0,0,0,0,0,0,0,0,0,1,0,0,0,0,0,0,0,0,1599
503,14,1,4,2,0,0,1366,768,0,500,0,0,0,0,0,0,0,0,0,1,0,0,0,0,0,0,0,0,299
504,11,1,4,1,0,16,1366,768,0,0,0,0,0,0,0,0,0,0,0,1,0,0,0,0,0,0,0,0,265
505,13,2,8,1,0,256,1920,1080,0,0,0,0,0,0,0,0,0,0,0,1,0,0,0,0,0,0,0,0,949
506,15,2,8,2,0,256,1920,1080,0,1024,0,1,0,0,0,0,0,0,0,0,0,0,0,0,0,0,0,0,1224
507,15,1,4,2,0,0,1920,1080,1,1024,0,0,0,0,0,0,0,0,0,0,0,0,0,0,0,0,0,0,613
508,13,2,8,1,0,512,1920,1080,1,0,0,0,0,0,0,0,1,0,0,0,0,0,0,0,0,0,0,0,1323
509,15,2,8,2,0,256,1920,1080,1,1024,0,0,0,0,0,0,0,0,0,1,0,0,0,0,0,0,0,0,1149
510,13,2,8,1,1,128,1920,1080,1,0,0,0,0,1,0,0,0,0,0,0,0,0,0,0,0,0,0,0,899
511,15,2,4,2,0,0,1920,1080,0,500,0,0,0,0,0,0,0,0,0,0,0,0,0,0,0,0,0,0,639
512,15,2,8,2,0,0,1920,1080,0,1024,0,0,0,1,0,0,0,0,0,0,0,0,0,0,0,0,0,0,836
513,15,1,14,2,0,256,1920,1080,0,2048,0,0,0,1,0,0,0,0,0,0,0,0,0,0,0,0,0,0,1219
514,15,1,14,1,0,256,1920,1080,1,0,0,0,0,0,0,0,0,0,0,0,0,0,0,0,0,0,0,1,1399
515,11,1,2,1,0,0,1366,768,0,0,0,1,0,0,0,0,0,0,0,0,0,0,0,0,0,0,0,0,245
516,15,1,4,2,1,0,1366,768,0,1024,0,0,0,0,0,0,1,0,0,0,0,0,0,0,0,0,0,0,521
517,15,2,14,2,0,512,1920,1080,0,0,0,1,0,0,0,0,0,0,0,0,0,0,0,0,0,0,0,0,2827
518,15,2,8,2,0,256,1920,1080,0,0,0,0,0,0,0,0,1,0,0,0,0,0,0,0,0,0,0,0,889
519,17,2,14,3,0,256,1920,1080,0,1024,0,1,0,0,0,0,0,0,0,0,0,0,0,0,0,0,0,0,1504
520,15,2,8,3,0,256,1920,1080,1,1024,0,0,0,0,0,0,0,0,0,1,0,0,0,0,0,0,0,0,1399
521,13,2,8,1,0,256,1920,1080,1,0,0,0,0,0,0,0,1,0,0,0,0,0,0,0,0,0,0,0,1399
522,14,2,8,1,0,256,1920,1080,0,0,0,0,0,1,0,0,0,0,0,0,0,0,0,0,0,0,0,0,1279
523,15,2,4,1,0,128,1366,768,0,0,0,0,0,0,0,0,1,0,0,0,0,0,0,0,0,0,0,0,689
524,17,1,8,2,0,128,1920,1080,1,1024,0,0,0,1,0,0,0,0,0,0,0,0,0,0,0,0,0,0,889
525,14,2,8,2,0,256,1920,1080,0,0,0,0,0,0,0,0,0,0,0,1,0,0,0,0,0,0,0,0,1340
526,15,2,4,2,0,0,1920,1080,0,1024,0,0,0,0,0,0,0,0,0,1,0,0,0,0,0,0,0,0,799
527,15,2,8,2,0,0,1366,768,0,2048,0,0,0,0,0,0,0,0,0,1,0,0,0,0,0,0,0,0,459
528,15,2,4,2,0,0,1920,1080,0,500,0,0,0,1,0,0,0,0,0,0,0,0,0,0,0,0,0,0,585
529,15,2,8,1,0,256,1920,1080,0,0,0,0,0,1,0,0,0,0,0,0,0,0,0,0,0,0,0,0,1377
530,17,2,14,3,0,128,1920,1080,1,1024,0,0,0,1,0,0,0,0,0,0,0,0,0,0,0,0,0,0,2827
531,15,2,8,2,0,0,1920,1080,1,500,0,0,0,0,0,0,0,0,0,0,0,0,0,0,0,1,0,0,860
532,15,2,8,2,0,256,3840,2160,1,1024,0,1,0,0,0,0,0,0,0,0,0,0,0,0,0,0,0,0,1299
533,13,1,4,1,0,32,1920,1080,1,0,0,0,0,0,0,0,0,0,0,0,0,1,0,0,0,0,0,0,369
534,15,2,8,2,0,128,1920,1080,1,1024,0,1,0,0,0,0,0,0,0,0,0,0,0,0,0,0,0,0,1649
535,15,2,8,1,0,256,1920,1080,0,0,0,0,0,1,0,0,0,0,0,0,0,0,0,0,0,0,0,0,1369
536,15,1,8,2,0,256,1920,1080,0,0,0,0,0,1,0,0,0,0,0,0,0,0,0,0,0,0,0,0,797
537,15,1,4,1,0,256,1920,1080,0,0,0,0,0,0,0,0,1,0,0,0,0,0,0,0,0,0,0,0,398
538,17,2,12,2,0,0,1920,1080,0,1024,0,0,0,0,0,0,1,0,0,0,0,0,0,0,0,0,0,0,1799
539,14,2,8,1,0,256,1920,1080,1,0,0,0,0,0,0,0,0,0,0,1,0,0,0,0,0,0,0,0,859
540,13,1,8,1,1,256,3200,1800,0,0,0,0,0,1,0,0,0,0,0,0,0,0,0,0,0,0,0,0,1399
541,14,2,4,1,0,128,1920,1080,0,0,0,0,0,1,0,0,0,0,0,0,0,0,0,0,0,0,0,0,735
542,13,2,8,1,0,256,3200,1800,1,0,0,0,0,0,0,0,1,0,0,0,0,0,0,0,0,0,0,0,1145
543,15,2,8,2,0,0,1920,1080,0,1024,0,0,0,0,0,0,0,0,0,0,0,0,0,0,0,0,0,0,798
544,15,1,4,2,0,0,1366,768,0,500,0,1,0,0,0,0,0,0,0,0,0,0,0,0,0,0,0,0,349
545,15,2,4,2,0,128,1920,1080,0,0,0,0,0,0,0,0,1,0,0,0,0,0,0,0,0,0,0,0,705
546,14,2,4,1,0,0,1920,1080,0,500,0,0,0,0,0,0,0,0,0,1,0,0,0,0,0,0,0,0,785
547,15,2,4,2,0,0,1920,1080,0,1024,0,0,0,0,0,0,0,0,0,1,0,0,0,0,0,0,0,0,462
548,15,2,4,1,0,0,1920,1080,0,500,0,0,0,0,0,0,1,0,0,0,0,0,0,0,0,0,0,0,397
549,15,2,8,1,0,512,1920,1080,1,0,0,0,0,0,0,0,0,0,0,1,0,0,0,0,0,0,0,0,1729
550,15,2,4,2,0,128,1920,1080,0,0,0,0,0,0,0,0,0,0,0,1,0,0,0,0,0,0,0,0,499
551,15,2,8,1,0,256,1920,1080,0,0,0,0,0,1,0,0,0,0,0,0,0,0,0,0,0,0,0,0,1116
552,17,2,14,3,0,256,1920,1080,1,1024,0,0,0,1,0,0,0,0,0,0,0,0,0,0,0,0,0,0,2699
553,17,2,8,2,0,0,1600,900,0,1024,0,0,0,0,0,0,1,0,0,0,0,0,0,0,0,0,0,0,544
554,17,2,8,2,0,0,1920,1080,0,1024,0,0,0,0,0,0,1,0,0,0,0,0,0,0,0,0,0,0,1280
555,15,1,4,2,0,0,1366,768,0,500,0,1,0,0,0,0,0,0,0,0,0,0,0,0,0,0,0,0,224
556,13,1,4,1,0,0,1920,1080,1,0,0,0,0,0,0,0,0,0,0,0,0,1,0,0,0,0,0,0,255
557,17,2,6,2,0,128,1600,900,0,1024,0,0,0,0,0,0,0,0,0,1,0,0,0,0,0,0,0,0,949
558,15,2,6,1,0,128,1920,1080,1,0,0,0,0,0,0,0,1,0,0,0,0,0,0,0,0,0,0,0,568
559,15,2,4,2,0,0,1366,768,0,1024,0,0,0,1,0,0,0,0,0,0,0,0,0,0,0,0,0,0,617
560,11,2,4,1,1,0,1920,1080,1,0,0,0,0,0,0,0,0,0,0,0,0,0,0,0,0,0,0,0,349
561,15,2,4,2,0,128,1920,1080,0,0,0,0,0,0,0,0,0,0,0,1,0,0,0,0,0,0,0,0,630
562,13,1,14,1,1,512,3200,1800,1,0,0,0,0,0,0,0,1,0,0,0,0,0,0,0,0,0,0,0,1965
563,17,2,8,3,0,256,1920,1080,1,0,0,0,0,0,0,0,0,0,0,1,0,0,0,0,0,0,0,0,2827
564,15,2,8,2,0,128,1920,1080,0,1024,0,1,0,0,0,0,0,0,0,0,0,0,0,0,0,0,0,0,839
565,13,1,8,1,1,128,3840,2160,1,0,0,0,0,1,0,0,0,0,0,0,0,0,0,0,0,0,0,0,1599
566,15,2,4,1,0,0,1366,768,0,500,0,0,0,1,0,0,0,0,0,0,0,0,0,0,0,0,0,0,959
567,15,2,8,2,0,0,1366,768,0,1024,0,0,0,0,1,0,0,0,0,0,0,0,0,0,0,0,0,0,739
568,15,1,4,2,0,0,1920,1080,0,500,0,0,0,0,0,0,0,0,0,1,0,0,0,0,0,0,0,0,344
569,14,2,4,2,0,0,1366,768,0,500,0,0,0,0,0,0,0,0,0,1,0,0,0,0,0,0,0,0,990
570,17,2,8,3,0,0,1600,900,0,500,0,0,0,0,0,0,1,0,0,0,0,0,0,0,0,0,0,0,1860
571,14,1,8,1,0,0,1366,768,0,2048,0,0,0,0,0,0,1,0,0,0,0,0,0,0,0,0,0,0,389
572,15,3,6,1,0,256,1920,1080,1,0,0,0,0,0,0,0,1,0,0,0,0,0,0,0,0,0,0,0,649
573,15,2,8,2,0,256,1920,1080,0,0,0,0,0,0,0,0,0,0,0,1,0,0,0,0,0,0,0,0,830
574,15,1,4,2,0,0,1920,1080,0,500,0,0,0,0,0,0,0,0,0,1,0,0,0,0,0,0,0,0,685
575,14,1,4,1,0,32,1920,1080,0,0,0,0,0,0,0,0,0,0,0,0,0,1,0,0,0,0,0,0,249
576,14,2,14,1,1,512,1920,1080,0,0,0,0,0,0,0,0,0,0,0,0,0,0,0,0,0,1,0,0,1865
577,17,2,14,3,0,256,1920,1080,1,1024,0,0,0,0,0,0,0,0,0,1,0,0,0,0,0,0,0,0,2663
578,17,2,14,3,0,512,1920,1080,0,1024,0,0,0,0,0,0,0,0,0,0,1,0,0,0,0,0,0,0,2729
579,15,2,8,2,0,256,1920,1080,0,0,0,0,0,1,0,0,0,0,0,0,0,0,0,0,0,0,0,0,749
580,14,1,4,1,0,32,1920,1080,1,0,0,0,0,0,0,0,0,0,0,0,0,1,0,0,0,0,0,0,389
581,15,2,8,1,0,0,1366,768,0,500,0,0,0,1,0,0,0,0,0,0,0,0,0,0,0,0,0,0,1008
582,13,2,4,1,0,128,1920,1080,0,0,0,0,0,0,0,0,1,0,0,0,0,0,0,0,0,0,0,0,719
583,15,2,14,1,0,256,1920,1080,0,0,0,0,0,1,0,0,0,0,0,0,0,0,0,0,0,0,0,0,1537
584,11,1,4,1,0,0,1366,768,0,0,0,0,0,1,0,0,0,0,0,0,0,0,0,0,0,0,0,0,295
585,17,2,14,3,0,128,1920,1080,0,1024,0,0,0,0,0,0,0,0,0,0,1,0,0,0,0,0,0,0,2349
586,17,2,14,3,0,256,1920,1080,1,1024,0,0,0,0,0,0,1,0,0,0,0,0,0,0,0,0,0,0,1498
587,14,2,12,1,0,256,1920,1080,1,0,0,0,0,0,0,0,0,0,0,1,0,0,0,0,0,0,0,0,1673
588,15,1,12,2,1,0,1366,768,0,1024,0,0,0,0,0,0,0,0,0,1,0,0,0,0,0,0,0,0,609
589,17,2,8,2,0,128,1920,1080,1,1024,0,1,0,0,0,0,0,0,0,0,0,0,0,0,0,0,0,0,1770
590,15,2,8,2,1,0,1366,768,0,1024,0,1,0,0,0,0,0,0,0,0,0,0,0,0,0,0,0,0,739
591,15,3,12,2,0,512,1920,1080,0,0,0,0,0,0,0,0,0,0,0,1,0,0,0,0,0,0,0,0,949
592,11,1,4,1,1,128,1366,768,0,0,0,0,0,1,0,0,0,0,0,0,0,0,0,0,0,0,0,0,603
593,15,2,14,2,0,128,1920,1080,0,1024,0,0,0,0,0,0,0,0,0,0,0,0,0,0,1,0,0,0,1699
594,17,2,4,2,0,0,1920,1080,0,500,0,0,0,0,0,0,0,0,0,1,0,0,0,0,0,0,0,0,529
595,15,2,8,2,0,0,1366,768,0,1024,0,0,0,0,0,0,0,0,0,1,0,0,0,0,0,0,0,0,459
596,13,2,8,1,1,512,1920,1080,1,0,0,0,0,0,0,0,0,0,0,1,0,0,0,0,0,0,0,0,2025
597,14,2,8,1,0,256,1920,1080,1,0,0,0,0,0,0,0,0,0,0,1,0,0,0,0,0,0,0,0,1474
598,12,2,8,1,1,256,1920,1080,0,0,0,0,0,1,0,0,0,0,0,0,0,0,0,0,0,0,0,0,1670
599,15,2,8,2,1,256,1920,1080,0,0,0,0,0,1,0,0,0,0,0,0,0,0,0,0,0,0,0,0,1763
600,15,2,8,1,0,256,1920,1080,0,0,0,0,0,0,0,0,1,0,0,0,0,0,0,0,0,0,0,0,1219
601,15,2,4,2,0,0,1366,768,0,500,0,0,0,0,0,0,1,0,0,0,0,0,0,0,0,0,0,0,668
602,14,1,4,1,0,0,1920,1080,0,0,0,0,0,0,0,0,0,0,0,0,0,0,0,0,0,0,0,0,329
603,17,2,14,3,0,128,1920,1080,0,1024,0,0,0,0,0,0,0,0,0,0,1,0,0,0,0,0,0,0,2199
604,15,2,4,2,0,0,1366,768,0,1024,0,0,0,1,0,0,0,0,0,0,0,0,0,0,0,0,0,0,465
605,15,2,14,1,0,256,3840,2160,0,2048,0,0,0,0,0,0,0,0,0,0,1,0,0,0,0,0,0,0,2299
606,15,2,8,2,0,256,1920,1080,1,0,0,0,0,0,0,0,0,0,0,0,0,0,0,0,0,1,0,0,1399
607,15,2,6,2,0,0,1920,1080,0,1024,0,0,0,0,0,0,0,0,0,1,0,0,0,0,0,0,0,0,564
608,15,2,8,2,1,256,1920,1080,1,0,0,0,0,0,0,0,0,0,0,1,0,0,0,0,0,0,0,0,1299
609,14,1,4,1,0,0,1366,768,0,0,0,0,0,0,0,0,0,0,0,0,0,0,0,0,0,0,0,0,349
610,15,3,14,2,0,1024,3840,2160,1,0,0,0,0,0,0,0,0,0,0,1,0,0,0,0,0,0,0,0,2827
611,15,2,14,2,0,0,1920,1080,0,1024,0,0,0,1,0,0,0,0,0,0,0,0,0,0,0,0,0,0,879
612,15,2,4,2,0,0,1366,768,0,1024,0,0,0,1,0,0,0,0,0,0,0,0,0,0,0,0,0,0,443
613,15,2,4,2,0,0,1366,768,0,1024,0,0,0,1,0,0,0,0,0,0,0,0,0,0,0,0,0,0,359
614,15,2,4,1,0,0,1366,768,0,500,0,0,0,1,0,0,0,0,0,0,0,0,0,0,0,0,0,0,869
615,17,2,8,3,0,128,1920,1080,0,1024,0,1,0,0,0,0,0,0,0,0,0,0,0,0,0,0,0,0,1168
616,15,2,4,2,0,128,1920,1080,0,0,0,0,0,1,0,0,0,0,0,0,0,0,0,0,0,0,0,0,569
617,15,2,8,1,0,512,1920,1080,0,0,0,0,0,0,0,0,1,0,0,0,0,0,0,0,0,0,0,0,1389
618,15,2,14,2,0,256,1920,1080,0,1024,0,0,0,0,0,0,0,0,0,0,1,0,0,0,0,0,0,0,2267
619,11,1,4,1,1,0,1366,768,1,0,0,0,0,0,0,0,0,0,0,0,0,0,0,0,0,0,0,0,379
620,14,2,8,2,0,256,1366,768,0,0,0,0,0,0,0,0,1,0,0,0,0,0,0,0,0,0,0,0,1124
621,14,2,8,1,0,256,1920,1080,0,0,0,0,0,0,0,0,0,0,0,1,0,0,0,0,0,0,0,0,1465
622,15,1,4,2,0,0,1920,1080,0,1024,0,0,0,1,0,0,0,0,0,0,0,0,0,0,0,0,0,0,776
623,15,2,8,2,0,256,1366,768,0,0,0,0,0,0,1,0,0,0,0,0,0,0,0,0,0,0,0,0,799
624,15,2,4,1,0,0,1366,768,0,500,0,0,0,0,0,0,1,0,0,0,0,0,0,0,0,0,0,0,932
625,15,2,8,2,0,0,1920,1080,0,1024,0,0,0,0,0,0,0,0,0,1,0,0,0,0,0,0,0,0,899
626,14,1,2,1,0,0,1920,1080,0,0,0,0,0,0,0,0,0,0,0,0,0,1,0,0,0,0,0,0,239
627,15,2,4,2,0,128,1920,1080,0,0,0,0,0,0,0,0,0,0,0,1,0,0,0,0,0,0,0,0,468
628,13,2,6,1,1,0,1920,1080,0,1024,0,1,0,0,0,0,0,0,0,0,0,0,0,0,0,0,0,0,639
629,15,2,8,2,0,256,1920,1080,0,0,0,0,0,1,0,0,0,0,0,0,0,0,0,0,0,0,0,0,1820
630,14,2,14,1,0,512,1920,1080,0,0,0,1,0,0,0,0,0,0,0,0,0,0,0,0,0,0,0,0,1900
631,15,2,14,2,0,256,1920,1080,0,1024,0,0,0,1,0,0,0,0,0,0,0,0,0,0,0,0,0,0,1479
632,15,1,4,1,0,256,1920,1080,0,0,0,0,0,0,0,0,0,0,0,1,0,0,0,0,0,0,0,0,829
633,15,2,4,2,0,0,1920,1080,0,1024,0,0,0,0,0,0,0,0,0,1,0,0,0,0,0,0,0,0,579
634,15,1,8,2,0,0,1366,768,0,1024,0,1,0,0,0,0,0,0,0,0,0,0,0,0,0,0,0,0,399
635,15,2,8,1,0,0,1920,1080,0,1024,0,1,0,0,0,0,0,0,0,0,0,0,0,0,0,0,0,0,906
636,13,1,8,1,1,256,3200,1800,0,0,0,0,0,1,0,0,0,0,0,0,0,0,0,0,0,0,0,0,1869
637,14,1,2,1,0,0,1366,768,0,0,0,0,0,0,0,0,0,0,0,1,0,0,0,0,0,0,0,0,249
638,13,2,8,1,1,256,1920,1080,1,0,0,0,0,0,0,0,0,0,0,1,0,0,0,0,0,0,0,0,1757
639,15,2,14,2,1,1024,3840,2160,0,0,0,0,0,1,0,0,0,0,0,0,0,0,0,0,0,0,0,0,2399
640,15,2,8,2,0,128,1920,1080,1,1024,0,0,0,0,0,0,0,0,0,1,0,0,0,0,0,0,0,0,1109
641,17,3,8,2,0,0,1600,900,0,1024,0,0,0,0,0,0,1,0,0,0,0,0,0,0,0,0,0,0,520
642,14,2,14,1,0,512,1920,1080,1,0,0,0,0,0,0,0,0,0,0,1,0,0,0,0,0,0,0,0,2450
643,15,2,8,2,0,0,1920,1080,1,1024,0,1,0,0,0,0,0,0,0,0,0,0,0,0,0,0,0,0,1169
644,15,2,4,2,0,0,1366,768,0,500,0,0,0,0,0,0,0,0,0,0,0,0,0,0,0,0,0,0,450
645,14,1,4,1,0,0,1366,768,0,0,0,0,0,0,0,0,0,0,0,1,0,0,0,0,0,0,0,0,274
646,14,2,8,1,0,256,1920,1080,1,0,0,0,0,0,0,0,0,0,0,0,0,0,0,0,0,0,0,0,919
647,14,2,14,1,0,256,1920,1080,0,0,0,0,0,0,0,0,0,0,0,0,0,0,0,1,0,0,0,0,2599
648,13,2,8,1,0,256,1920,1080,0,0,0,0,0,0,0,0,0,0,0,0,0,0,0,0,0,1,0,0,1213
649,12,2,8,1,0,256,1920,1080,1,0,0,0,0,0,0,0,0,0,0,1,0,0,0,0,0,0,0,0,1584
650,17,2,14,3,0,512,1920,1080,1,0,0,1,0,0,0,0,0,0,0,0,0,0,0,0,0,0,0,0,2799
651,15,2,8,2,0,0,1920,1080,0,1024,0,0,0,0,0,0,0,0,0,0,0,0,0,0,0,0,0,0,709
652,13,1,8,1,0,256,1920,1080,0,0,0,0,0,1,0,0,0,0,0,0,0,0,0,0,0,0,0,0,1449
653,15,2,8,2,0,128,1920,1080,0,1024,0,0,0,0,0,0,0,0,0,0,1,0,0,0,0,0,0,0,1191
654,15,2,4,1,0,0,1366,768,0,500,0,0,0,0,0,0,1,0,0,0,0,0,0,0,0,0,0,0,364
655,15,2,8,2,0,0,1920,1080,1,500,0,0,0,0,0,0,0,0,0,0,0,0,0,0,0,1,0,0,1064
656,15,1,8,2,0,256,1920,1080,0,0,0,0,0,1,0,0,0,0,0,0,0,0,0,0,0,0,0,0,919
657,15,1,14,2,0,256,1920,1080,0,2048,0,0,0,1,0,0,0,0,0,0,0,0,0,0,0,0,0,0,1135
658,15,2,8,3,0,128,1920,1080,1,1024,0,0,0,0,0,0,0,0,0,1,0,0,0,0,0,0,0,0,1196
659,17,2,14,3,0,512,3840,2160,1,1024,0,0,0,1,0,0,0,0,0,0,0,0,0,0,0,0,0,0,2827
660,14,2,8,1,0,256,1920,1080,0,0,0,0,0,1,0,0,0,0,0,0,0,0,0,0,0,0,0,0,1229
661,15,1,4,2,0,0,1366,768,0,500,0,0,0,0,0,0,0,0,0,1,0,0,0,0,0,0,0,0,419
662,15,2,4,2,0,0,1920,1080,0,500,0,0,0,0,0,0,0,0,0,1,0,0,0,0,0,0,0,0,535
663,15,2,6,2,0,0,1920,1080,0,1024,0,0,0,0,0,0,1,0,0,0,0,0,0,0,0,0,0,0,539
664,17,2,8,2,0,128,1920,1080,0,1024,0,0,0,0,0,0,0,0,0,0,1,0,0,0,0,0,0,0,1486
665,15,2,4,2,0,128,1366,768,0,0,0,0,0,0,0,0,0,0,0,0,0,0,0,0,0,1,0,0,498
666,15,2,8,2,0,0,1920,1080,0,1024,0,0,0,1,0,0,0,0,0,0,0,0,0,0,0,0,0,0,955
667,15,2,8,2,0,0,1920,1080,0,1024,0,0,0,0,0,0,1,0,0,0,0,0,0,0,0,0,0,0,745
668,15,2,8,2,0,256,1920,1080,1,0,0,0,0,0,0,0,0,0,0,0,0,0,0,0,0,1,0,0,1258
669,15,2,4,2,0,128,1366,768,0,0,0,0,0,0,0,0,0,0,0,0,0,0,0,0,0,0,0,0,412
670,13,2,8,1,1,256,2256,1504,0,0,0,0,0,0,0,0,0,0,0,0,0,0,1,0,0,0,0,0,1867
671,15,2,8,1,0,128,1920,1080,0,1024,0,0,0,0,0,0,0,0,0,1,0,0,0,0,0,0,0,0,817
672,13,2,8,1,1,256,1920,1080,1,0,0,0,0,0,0,0,0,0,0,1,0,0,0,0,0,0,0,0,1034
673,15,2,4,2,0,128,1366,768,0,0,0,0,0,0,0,0,0,0,0,1,0,0,0,0,0,0,0,0,349
674,14,2,4,1,1,128,1920,1080,1,0,0,0,0,0,0,0,1,0,0,0,0,0,0,0,0,0,0,0,699
675,15,2,14,2,0,256,1920,1080,0,1024,0,0,0,0,0,0,0,0,0,0,1,0,0,0,0,0,0,0,1294
676,14,2,8,1,0,256,1920,1080,0,0,0,1,0,0,0,0,0,0,0,0,0,0,0,0,0,0,0,0,1135
677,11,1,8,1,1,0,1366,768,0,0,0,0,0,0,0,0,1,0,0,0,0,0,0,0,0,0,0,0,495
678,15,1,8,1,0,512,1920,1080,1,0,0,0,0,0,0,0,0,0,1,0,0,0,0,0,0,0,0,0,2299
679,15,2,14,2,0,256,1920,1080,0,0,0,0,0,0,0,0,0,0,0,0,0,0,0,0,0,0,0,0,1299
680,15,2,8,2,0,256,1920,1080,0,0,0,0,0,0,0,0,0,0,0,0,1,0,0,0,0,0,0,0,997
681,15,1,4,1,0,128,1366,768,0,0,0,1,0,0,0,0,0,0,0,0,0,0,0,0,0,0,0,0,419
682,15,2,14,3,0,128,1920,1080,0,1024,0,0,0,1,0,0,0,0,0,0,0,0,0,0,0,0,0,0,2051
683,17,2,4,2,0,256,1920,1080,1,0,0,0,0,0,0,0,1,0,0,0,0,0,0,0,0,0,0,0,699
684,13,1,8,1,1,512,1920,1080,1,0,0,0,0,0,0,0,0,0,0,1,0,0,0,0,0,0,0,0,1499
685,15,2,14,3,0,256,1920,1080,0,1024,0,0,0,1,0,0,0,0,0,0,0,0,0,0,0,0,0,0,2813
686,15,2,4,1,0,0,1366,768,0,500,0,0,0,0,0,0,1,0,0,0,0,0,0,0,0,0,0,0,612
687,15,2,4,2,0,0,1366,768,0,1024,0,0,0,1,0,0,0,0,0,0,0,0,0,0,0,0,0,0,545
688,17,2,6,2,0,0,1920,1080,1,2048,0,0,0,0,0,0,1,0,0,0,0,0,0,0,0,0,0,0,569
689,15,1,4,2,0,0,1366,768,0,500,0,0,0,0,0,0,0,0,0,1,0,0,0,0,0,0,0,0,318
690,14,1,4,1,0,0,1366,768,0,0,0,0,0,0,0,0,0,0,0,0,0,0,0,0,0,0,0,0,375
691,14,2,4,1,0,256,1920,1080,0,0,0,0,0,0,0,0,0,0,0,1,0,0,0,0,0,0,0,0,699
692,17,2,8,3,0,0,1920,1080,0,500,0,0,0,0,0,0,1,0,0,0,0,0,0,0,0,0,0,0,1907
693,14,2,8,1,1,256,2560,1440,0,0,0,0,0,0,0,0,0,0,0,1,0,0,0,0,0,0,0,0,2590
694,13,2,8,1,0,256,1920,1080,1,0,0,0,0,0,0,0,0,0,0,0,0,0,0,0,0,1,0,0,973
695,11,1,4,1,0,0,1366,768,0,0,0,0,0,0,0,0,0,0,0,0,0,0,0,0,0,0,0,0,269
696,14,2,14,1,1,512,1920,1080,0,0,0,0,0,0,0,0,0,0,0,1,0,0,0,0,0,0,0,0,1749
697,12,0,4,1,1,0,1920,1080,0,0,0,1,0,0,0,0,0,0,0,0,0,0,0,0,0,0,0,0,669
698,13,2,14,1,1,512,1920,1080,0,0,0,0,0,0,0,0,0,0,0,0,0,0,0,0,0,1,0,0,1877
699,15,2,4,2,0,0,1920,1080,1,500,0,0,0,0,0,0,1,0,0,0,0,0,0,0,0,0,0,0,689
700,15,2,8,2,0,0,1920,1080,0,1024,0,0,0,1,0,0,0,0,0,0,0,0,0,0,0,0,0,0,819
701,15,2,4,2,0,256,1920,1080,0,0,0,0,0,0,0,0,0,0,0,1,0,0,0,0,0,0,0,0,399
702,15,3,8,2,0,0,1366,768,0,1024,0,0,0,0,0,0,0,0,0,1,0,0,0,0,0,0,0,0,429
703,15,2,4,2,0,0,1920,1080,0,2048,0,0,0,0,0,0,0,0,0,1,0,0,0,0,0,0,0,0,621
704,15,2,4,1,0,0,1366,768,0,500,0,0,0,0,0,0,0,0,0,1,0,0,0,0,0,0,0,0,450
705,15,2,8,2,0,256,1920,1080,0,0,0,0,0,1,0,0,0,0,0,0,0,0,0,0,0,0,0,0,795
706,13,1,8,1,1,256,1920,1080,1,0,0,0,0,0,0,0,0,0,0,0,0,0,0,0,0,0,0,0,999
707,15,2,14,2,0,512,1920,1080,0,0,0,0,0,0,0,0,0,0,0,1,0,0,0,0,0,0,0,0,1855
708,14,2,8,1,0,256,1920,1080,0,0,0,0,0,0,0,0,0,0,0,1,0,0,0,0,0,0,0,0,1191
709,17,2,6,2,0,0,1920,1080,1,2048,0,0,0,0,0,0,1,0,0,0,0,0,0,0,0,0,0,0,655
710,15,2,8,2,0,128,1920,1080,1,1024,0,0,0,0,0,0,0,0,0,1,0,0,0,0,0,0,0,0,1249
711,14,2,8,1,0,256,1920,1080,0,0,0,0,0,1,0,0,0,0,0,0,0,0,0,0,0,0,0,0,1089
712,15,2,8,1,0,0,1920,1080,0,1024,0,0,0,1,0,0,0,0,0,0,0,0,0,0,0,0,0,0,726
713,14,1,4,1,0,0,1920,1080,0,0,0,1,0,0,0,0,0,0,0,0,0,0,0,0,0,0,0,0,298
714,15,2,14,1,0,512,1920,1080,0,0,0,0,0,1,0,0,0,0,0,0,0,0,0,0,0,0,0,0,1426
715,14,2,8,1,0,256,1920,1080,1,0,0,0,0,0,0,0,0,0,0,1,0,0,0,0,0,0,0,0,857
716,15,2,8,1,0,256,1920,1080,0,0,0,0,0,1,0,0,0,0,0,0,0,0,0,0,0,0,0,0,1179
717,15,2,4,2,0,0,1366,768,0,500,0,0,0,0,0,0,0,0,0,1,0,0,0,0,0,0,0,0,298
718,14,1,4,1,0,0,1920,1200,1,32,0,0,0,0,0,0,0,0,0,0,0,1,0,0,0,0,0,0,265
719,17,2,8,2,0,256,1920,1080,0,0,0,0,0,0,0,0,1,0,0,0,0,0,0,0,0,0,0,0,1200
720,14,2,8,1,0,512,2560,1440,1,0,0,0,0,0,0,0,0,0,0,1,0,0,0,0,0,0,0,0,1686
721,13,2,8,1,1,256,1366,768,1,0,0,0,0,0,0,0,1,0,0,0,0,0,0,0,0,0,0,0,836
722,14,2,8,1,0,256,1920,1080,1,0,0,0,0,0,0,0,0,0,0,1,0,0,0,0,0,0,0,0,1499
723,17,2,14,3,0,1024,3840,2160,0,1024,0,0,0,1,0,0,0,0,0,0,0,0,0,0,0,0,0,0,2827
724,17,2,8,2,0,128,1920,1080,0,1024,0,0,0,0,0,0,0,0,0,0,1,0,0,0,0,0,0,0,1348
725,15,2,4,1,0,0,1366,768,0,1024,0,0,0,0,0,0,0,0,0,1,0,0,0,0,0,0,0,0,489
726,15,1,8,2,0,128,1920,1080,0,1024,0,0,0,1,0,0,0,0,0,0,0,0,0,0,0,0,0,0,719
727,13,2,4,1,1,0,1920,1080,0,1024,0,0,0,1,0,0,0,0,0,0,0,0,0,0,0,0,0,0,649
728,15,2,8,2,0,0,1366,768,0,1024,0,0,0,1,0,0,0,0,0,0,0,0,0,0,0,0,0,0,589
729,15,3,4,2,0,0,1920,1080,0,1024,0,0,0,0,0,0,1,0,0,0,0,0,0,0,0,0,0,0,489
730,17,2,14,3,0,128,1920,1080,1,1024,0,0,0,0,0,0,0,0,0,0,0,0,0,0,0,0,0,0,1935
731,15,2,12,2,0,0,1366,768,0,1024,0,0,0,1,0,0,0,0,0,0,0,0,0,0,0,0,0,0,649
732,15,3,6,2,0,128,1920,1080,0,1024,0,0,0,0,0,0,1,0,0,0,0,0,0,0,0,0,0,0,650
733,15,2,4,2,0,0,1366,768,0,500,0,0,0,0,0,0,0,0,0,0,0,0,0,0,0,0,0,0,559
734,13,2,8,1,0,256,1920,1080,1,0,0,0,0,0,0,0,0,0,0,1,0,0,0,0,0,0,0,0,960
735,15,2,4,1,0,0,1920,1080,0,1024,0,0,0,0,0,0,0,0,0,1,0,0,0,0,0,0,0,0,779
736,15,2,14,2,0,256,1920,1080,0,0,0,0,0,0,0,0,1,0,0,0,0,0,0,0,0,0,0,0,2419
737,13,1,8,1,1,0,1920,1080,0,1024,0,0,0,1,0,0,0,0,0,0,0,0,0,0,0,0,0,0,659
738,15,2,14,1,0,256,1920,1080,0,1024,0,0,0,0,0,0,0,0,0,0,1,0,0,0,0,0,0,0,2094
739,15,2,4,2,0,0,1366,768,0,500,0,0,0,0,0,0,0,0,0,0,0,0,0,0,0,0,0,0,410
740,15,2,8,2,0,128,1920,1080,0,1024,0,0,0,1,0,0,0,0,0,0,0,0,0,0,0,0,0,0,1207
741,15,2,8,2,0,256,1366,768,0,0,0,0,0,1,0,0,0,0,0,0,0,0,0,0,0,0,0,0,665
742,14,2,8,1,1,256,1920,1080,1,0,0,0,0,0,0,0,0,0,0,0,0,0,0,0,0,1,0,0,1535
743,14,2,8,1,1,256,1920,1080,0,0,0,0,0,0,0,0,0,0,0,1,0,0,0,0,0,0,0,0,999
744,15,2,14,2,0,1024,3840,2160,1,0,0,0,0,0,0,0,0,0,0,1,0,0,0,0,0,0,0,0,2827
745,14,1,2,1,0,0,1366,768,0,0,0,0,0,0,0,0,0,0,0,0,0,0,0,0,0,0,0,0,330
746,13,2,14,0,0,256,1920,1080,0,0,0,0,0,0,0,0,0,0,0,0,0,0,0,0,1,0,0,0,1649
747,15,2,8,1,0,256,1920,1080,0,0,0,0,0,0,0,0,1,0,0,0,0,0,0,0,0,0,0,0,539
748,14,2,8,1,0,256,1366,768,0,0,0,0,0,1,0,0,0,0,0,0,0,0,0,0,0,0,0,0,1126
749,17,2,14,3,0,256,1920,1080,1,0,0,0,0,0,0,0,1,0,0,0,0,0,0,0,0,0,0,0,2827
750,11,1,4,1,1,128,1366,768,0,0,0,0,0,0,0,0,0,0,0,1,0,0,0,0,0,0,0,0,475
751,15,2,8,1,0,256,1920,1080,0,0,0,0,0,0,0,0,1,0,0,0,0,0,0,0,0,0,0,0,1900
752,15,2,4,2,0,0,1366,768,0,1024,0,1,0,0,0,0,0,0,0,0,0,0,0,0,0,0,0,0,579
753,14,2,4,1,0,180,1920,1080,0,0,0,0,0,0,0,0,0,0,0,1,0,0,0,0,0,0,0,0,1096
754,15,2,4,2,0,256,1366,768,0,0,0,1,0,0,0,0,0,0,0,0,0,0,0,0,0,0,0,0,849
755,13,1,8,1,1,256,3200,1800,1,0,0,0,0,0,0,0,0,0,0,1,0,0,0,0,0,0,0,0,1199
756,15,2,8,2,0,128,1920,1080,1,1024,0,0,0,0,0,0,1,0,0,0,0,0,0,0,0,0,0,0,1099
757,15,2,8,2,0,256,1920,1080,0,0,0,0,0,0,0,0,1,0,0,0,0,0,0,0,0,0,0,0,1561
758,15,2,14,3,0,256,3840,2160,1,1024,0,0,0,1,0,0,0,0,0,0,0,0,0,0,0,0,0,0,2827
759,15,2,4,2,0,256,1366,768,0,0,0,0,0,0,0,0,0,0,0,0,0,0,0,0,0,0,0,0,599
760,15,2,8,2,0,128,1920,1080,1,1024,0,0,0,0,0,0,0,0,0,1,0,0,0,0,0,0,0,0,1048
761,12,2,14,1,0,256,1920,1080,0,0,0,0,0,1,0,0,0,0,0,0,0,0,0,0,0,0,0,0,1859
762,12,1,8,1,1,256,2400,1600,0,0,0,0,0,0,0,1,0,0,0,0,0,0,0,0,0,0,0,0,1559
763,13,2,8,1,0,256,3200,1800,1,0,0,1,0,0,0,0,0,0,0,0,0,0,0,0,0,0,0,0,1129
764,13,2,4,1,0,0,1366,768,0,500,0,0,0,1,0,0,0,0,0,0,0,0,0,0,0,0,0,0,849
765,13,2,4,1,0,128,1366,768,0,0,0,0,0,0,0,0,0,0,0,0,0,0,0,0,0,0,0,0,655
766,17,1,4,2,0,0,1366,768,0,1024,0,1,0,0,0,0,0,0,0,0,0,0,0,0,0,0,0,0,470
767,15,2,14,2,1,128,3840,2160,1,1024,0,0,0,1,0,0,0,0,0,0,0,0,0,0,0,0,0,0,1099
768,13,2,8,1,1,256,1920,1080,0,0,0,0,0,0,0,0,0,0,0,0,0,0,0,0,1,0,0,0,1599
769,15,1,4,2,0,0,1366,768,0,1024,0,0,0,0,0,0,0,0,0,0,0,0,0,0,0,0,0,0,298
770,15,2,14,2,0,256,1920,1080,0,0,0,0,0,1,0,0,0,0,0,0,0,0,0,0,0,0,0,0,1181
771,15,2,14,1,1,256,1920,1080,0,0,0,0,0,0,0,0,0,0,0,0,0,0,0,0,1,0,0,0,1799
772,14,2,4,1,0,128,1366,768,1,0,0,0,0,0,0,0,0,0,0,0,0,0,0,0,0,1,0,0,1020
773,15,2,8,2,0,0,1920,1080,0,1024,0,0,0,1,0,0,0,0,0,0,0,0,0,0,0,0,0,0,1099
774,12,2,4,1,0,256,1366,768,0,0,0,0,0,0,0,0,1,0,0,0,0,0,0,0,0,0,0,0,1244
775,15,2,12,2,1,0,1920,1080,0,2048,0,1,0,0,0,0,0,0,0,0,0,0,0,0,0,0,0,0,839
776,15,2,14,2,0,512,3840,2160,0,0,0,0,0,0,0,0,0,0,0,1,0,0,0,0,0,0,0,0,2370
777,14,2,4,1,0,128,1920,1080,1,0,0,0,0,0,0,0,0,0,0,0,0,0,0,0,0,0,0,0,636
778,14,2,14,1,0,512,1920,1080,0,0,0,0,0,0,0,0,0,0,0,0,0,0,0,1,0,0,0,0,2827
779,15,1,8,2,0,128,1920,1080,0,0,0,1,0,0,0,0,0,0,0,0,0,0,0,0,0,0,0,0,581
780,17,2,14,3,0,1024,1920,1080,1,1024,0,0,0,1,0,0,0,0,0,0,0,0,0,0,0,0,0,0,2827
781,17,2,14,3,0,256,1920,1080,1,1024,0,1,0,0,0,0,0,0,0,0,0,0,0,0,0,0,0,0,2350
782,14,2,14,1,0,512,1920,1080,1,0,0,0,0,0,0,0,0,0,0,0,0,0,0,0,0,1,0,0,1764
783,15,1,8,2,0,0,1366,768,0,1024,0,0,0,0,0,0,0,0,0,1,0,0,0,0,0,0,0,0,329
784,14,2,14,1,0,512,1920,1080,0,0,0,0,0,0,0,0,0,0,0,1,0,0,0,0,0,0,0,0,2299
785,14,2,14,1,0,256,1920,1080,1,1024,0,0,0,0,0,0,0,0,0,0,1,0,0,0,0,0,0,0,1891
786,15,2,8,2,0,128,1920,1080,0,1024,0,0,0,0,0,0,0,0,0,0,1,0,0,0,0,0,0,0,1089
787,15,2,4,2,0,0,1920,1080,1,1024,0,0,0,0,0,0,0,0,0,1,0,0,0,0,0,0,0,0,999
788,17,2,14,3,0,256,1920,1080,1,1024,0,0,0,0,0,0,0,0,0,0,0,0,0,0,0,0,0,0,2299
789,15,2,8,2,0,256,1920,1080,0,0,0,0,0,1,0,0,0,0,0,0,0,0,0,0,0,0,0,0,985
790,15,2,8,2,0,128,1920,1080,0,1024,0,1,0,0,0,0,0,0,0,0,0,0,0,0,0,0,0,0,1339
791,14,1,4,1,0,0,1920,1080,0,0,0,0,0,0,0,0,0,0,0,0,0,0,0,0,0,0,1,0,202
792,13,2,8,1,1,512,1920,1080,1,0,0,0,0,0,0,0,0,0,0,1,0,0,0,0,0,0,0,0,1970
793,15,2,8,2,1,256,1920,1080,0,0,0,0,0,0,0,0,0,0,0,1,0,0,0,0,0,0,0,0,959
794,12,1,8,0,0,0,2304,1440,1,0,1,0,0,0,0,0,0,0,0,0,0,0,0,0,0,0,0,0,1165
795,14,2,8,1,1,256,2560,1440,1,0,0,0,0,0,0,0,0,0,0,1,0,0,0,0,0,0,0,0,2330
796,14,1,4,1,0,0,1366,768,0,0,0,1,0,0,0,0,0,0,0,0,0,0,0,0,0,0,0,0,299
797,15,2,8,1,0,128,1366,768,0,0,0,0,0,1,0,0,0,0,0,0,0,0,0,0,0,0,0,0,810
798,13,2,8,1,1,256,1920,1080,1,0,0,0,0,0,0,0,0,0,0,1,0,0,0,0,0,0,0,0,1349
799,15,2,8,2,0,256,1920,1080,0,0,0,0,0,1,0,0,0,0,0,0,0,0,0,0,0,0,0,0,739
800,15,2,8,3,0,256,1920,1080,0,0,0,0,0,0,0,0,1,0,0,0,0,0,0,0,0,0,0,0,2064
801,15,2,8,2,0,256,1920,1080,0,0,0,1,0,0,0,0,0,0,0,0,0,0,0,0,0,0,0,0,1099
802,13,2,8,1,0,256,1920,1080,0,0,0,0,0,1,0,0,0,0,0,0,0,0,0,0,0,0,0,0,1499
803,15,2,8,2,1,256,3840,2160,0,0,0,0,0,1,0,0,0,0,0,0,0,0,0,0,0,0,0,0,1749
804,11,1,4,1,0,128,1366,768,0,0,0,0,0,1,0,0,0,0,0,0,0,0,0,0,0,0,0,0,744
805,12,2,8,1,0,256,1366,768,0,0,0,0,0,0,0,0,1,0,0,0,0,0,0,0,0,0,0,0,1389
806,15,2,4,2,0,0,1366,768,0,500,0,0,0,0,0,0,0,0,0,0,0,0,0,0,0,1,0,0,780
807,15,2,8,2,0,0,1366,768,0,2048,0,0,0,0,0,0,1,0,0,0,0,0,0,0,0,0,0,0,629
808,15,2,14,2,0,512,3840,2160,0,0,0,0,0,1,0,0,0,0,0,0,0,0,0,0,0,0,0,0,1679
809,15,2,4,2,0,0,1920,1080,0,1024,0,0,0,0,0,0,0,0,0,1,0,0,0,0,0,0,0,0,609
810,17,2,12,3,0,0,1920,1080,1,1024,0,0,0,0,0,0,1,0,0,0,0,0,0,0,0,0,0,0,1749
811,17,2,14,2,0,512,1920,1080,0,1024,0,0,0,0,0,0,0,0,0,0,1,0,0,0,0,0,0,0,2415
812,13,2,8,0,0,256,1920,1080,0,0,0,0,0,0,0,0,0,0,0,0,0,0,0,0,1,0,0,0,1499
813,15,2,8,1,0,0,1920,1080,0,1024,0,0,0,1,0,0,0,0,0,0,0,0,0,0,0,0,0,0,961
814,15,2,8,2,0,256,1920,1080,0,0,0,0,0,1,0,0,0,0,0,0,0,0,0,0,0,0,0,0,789
815,14,2,8,1,0,256,1920,1080,0,0,0,0,0,0,0,0,0,0,0,1,0,0,0,0,0,0,0,0,1859
816,12,2,14,1,1,512,3840,2160,1,0,0,0,0,0,0,0,0,0,0,0,0,0,0,1,0,0,0,0,1799
817,11,1,4,1,0,0,1366,768,0,0,0,0,0,0,0,0,1,0,0,0,0,0,0,0,0,0,0,0,385
818,17,2,14,3,0,128,1920,1080,1,1024,0,0,0,1,0,0,0,0,0,0,0,0,0,0,0,0,0,0,2505
819,14,2,4,1,0,0,1366,768,0,500,0,0,0,1,0,0,0,0,0,0,0,0,0,0,0,0,0,0,755
820,15,2,4,2,0,0,1366,768,0,500,0,0,0,0,0,0,0,0,0,1,0,0,0,0,0,0,0,0,489
821,14,2,4,1,0,128,1366,768,0,0,0,0,0,0,0,0,0,0,0,0,0,0,0,0,0,1,0,0,1090
822,14,2,8,1,0,512,1920,1080,1,0,0,0,0,0,0,0,0,0,0,1,0,0,0,0,0,0,0,0,2499
823,15,2,8,2,0,256,1920,1080,0,0,0,0,0,0,0,0,0,0,0,0,1,0,0,0,0,0,0,0,1199
824,14,2,8,1,0,0,1920,1080,1,0,0,0,0,0,0,0,0,0,0,1,0,0,0,0,0,0,0,0,1875
825,14,2,4,1,0,128,1366,768,0,0,0,0,0,0,0,0,0,0,0,0,0,0,0,0,0,1,0,0,499
826,13,2,8,1,1,256,1920,1080,0,0,0,1,0,0,0,0,0,0,0,0,0,0,0,0,0,0,0,0,1358
827,14,2,4,1,0,0,1366,768,0,500,0,0,0,1,0,0,0,0,0,0,0,0,0,0,0,0,0,0,585
828,11,1,4,1,0,0,1366,768,1,0,0,0,0,0,0,0,0,0,0,0,0,0,0,0,0,0,0,0,355
829,14,2,8,1,0,128,1920,1080,1,0,0,0,0,0,0,0,0,0,0,0,0,0,0,0,0,0,0,0,619
830,17,2,14,3,1,512,3840,2160,0,0,0,0,0,0,0,0,0,0,0,0,0,0,0,1,0,0,0,0,2827
831,14,2,14,1,0,512,2560,1440,1,0,0,0,0,0,0,0,0,0,0,1,0,0,0,0,0,0,0,0,2099
832,15,2,4,2,0,0,1920,1080,0,1024,0,1,0,0,0,0,0,0,0,0,0,0,0,0,0,0,0,0,519
833,14,2,8,1,0,256,1920,1080,0,0,0,0,0,0,0,0,0,0,0,1,0,0,0,0,0,0,0,0,1186
834,14,2,8,1,0,256,1920,1080,1,0,0,0,0,0,0,0,0,0,0,1,0,0,0,0,0,0,0,0,1650
835,15,2,14,3,0,256,1920,1080,0,1024,0,0,0,1,0,0,0,0,0,0,0,0,0,0,0,0,0,0,2774
836,17,2,14,2,0,256,1920,1080,0,1024,0,1,0,0,0,0,0,0,0,0,0,0,0,0,0,0,0,0,2419
837,15,2,4,2,0,0,1366,768,0,500,0,0,0,0,0,0,0,0,0,0,0,0,0,0,0,1,0,0,669
838,14,1,4,1,0,0,1366,768,0,0,0,0,0,0,0,0,0,0,0,1,0,0,0,0,0,0,0,0,325
839,15,2,8,2,0,0,1920,1080,0,128,0,1,0,0,0,0,0,0,0,0,0,0,0,0,0,0,0,0,590
840,17,2,14,2,0,512,1920,1080,0,1024,0,1,0,0,0,0,0,0,0,0,0,0,0,0,0,0,0,0,1799
841,17,2,14,3,0,512,1920,1080,1,1024,0,0,0,1,0,0,0,0,0,0,0,0,0,0,0,0,0,0,2827
842,17,2,8,2,0,0,1600,900,0,1024,0,0,0,0,0,0,1,0,0,0,0,0,0,0,0,0,0,0,910
843,15,2,8,2,0,128,1366,768,0,0,0,0,0,1,0,0,0,0,0,0,0,0,0,0,0,0,0,0,713
844,14,2,8,1,0,512,1920,1080,0,0,0,0,0,0,0,0,1,0,0,0,0,0,0,0,0,0,0,0,1870
845,15,2,4,2,0,256,1920,1080,0,0,0,0,0,1,0,0,0,0,0,0,0,0,0,0,0,0,0,0,739
846,11,1,4,1,1,0,1366,768,0,0,0,0,0,0,0,0,1,0,0,0,0,0,0,0,0,0,0,0,615
847,13,2,8,1,0,512,1920,1080,1,0,0,1,0,0,0,0,0,0,0,0,0,0,0,0,0,0,0,0,1026
848,13,2,8,1,1,256,1920,1080,0,0,0,0,0,0,0,0,1,0,0,0,0,0,0,0,0,0,0,0,2277
849,14,2,8,1,0,512,1920,1080,0,0,0,0,0,0,0,0,1,0,0,0,0,0,0,0,0,0,0,0,1468
850,15,1,4,1,0,128,1366,768,0,0,0,0,0,0,0,0,1,0,0,0,0,0,0,0,0,0,0,0,299
851,15,2,14,2,0,128,1920,1080,0,1024,0,1,0,0,0,0,0,0,0,0,0,0,0,0,0,0,0,0,1899
852,17,2,8,2,0,0,1920,1080,0,1024,0,0,0,1,0,0,0,0,0,0,0,0,0,0,0,0,0,0,865
853,14,2,8,1,0,256,1920,1080,1,0,0,0,0,0,0,0,0,0,0,1,0,0,0,0,0,0,0,0,1903
854,15,2,8,2,0,256,1920,1080,1,0,0,1,0,0,0,0,0,0,0,0,0,0,0,0,0,0,0,0,787
855,15,2,8,1,0,128,1920,1080,0,0,0,0,0,1,0,0,0,0,0,0,0,0,0,0,0,0,0,0,945
856,15,1,4,2,0,0,1366,768,0,1024,0,1,0,0,0,0,0,0,0,0,0,0,0,0,0,0,0,0,449
857,13,2,8,1,1,256,1920,1080,0,0,0,0,0,0,0,0,1,0,0,0,0,0,0,0,0,0,0,0,2559
858,13,2,8,1,1,0,1920,1080,0,1024,0,0,0,1,0,0,0,0,0,0,0,0,0,0,0,0,0,0,649
859,15,2,4,2,0,0,1920,1080,0,1024,0,0,0,0,0,0,0,0,0,1,0,0,0,0,0,0,0,0,469
860,15,2,8,2,0,0,1920,1080,1,1024,0,0,0,0,0,0,0,0,0,1,0,0,0,0,0,0,0,0,850
861,15,2,8,1,0,256,1920,1080,0,0,0,0,0,0,0,0,1,0,0,0,0,0,0,0,0,0,0,0,1349
862,13,2,4,1,0,128,1920,1080,0,0,0,0,0,0,0,0,0,0,0,0,0,0,0,0,0,1,0,0,1285
863,15,2,8,2,0,0,1920,1080,1,1024,0,0,0,0,0,0,0,0,0,1,0,0,0,0,0,0,0,0,1017
864,13,2,14,1,1,512,3200,1800,0,0,0,0,0,1,0,0,0,0,0,0,0,0,0,0,0,0,0,0,2240
865,15,2,4,2,0,0,1920,1080,0,500,0,0,0,0,0,0,1,0,0,0,0,0,0,0,0,0,0,0,910
866,13,2,8,1,0,256,1366,768,0,0,0,0,0,0,0,0,0,0,0,0,0,0,0,0,0,1,0,0,1095
867,13,2,8,1,1,256,1920,1080,1,0,0,0,0,0,0,0,0,0,0,1,0,0,0,0,0,0,0,0,1950
868,14,2,8,1,0,256,1920,1080,1,0,0,0,0,0,0,0,0,0,0,0,0,0,0,0,0,0,0,0,902
869,15,2,8,2,0,0,1920,1080,0,1024,0,0,0,1,0,0,0,0,0,0,0,0,0,0,0,0,0,0,1778
870,15,2,4,2,0,0,1366,768,0,500,0,0,0,0,0,0,0,0,0,1,0,0,0,0,0,0,0,0,1055
871,15,2,4,2,0,0,1920,1080,0,1024,0,0,0,0,0,0,0,0,0,1,0,0,0,0,0,0,0,0,479
872,15,2,8,2,0,256,1920,1080,1,0,0,0,0,0,0,0,0,0,0,0,0,0,0,0,0,1,0,0,1388
873,13,2,4,1,0,180,1920,1080,1,0,0,0,0,0,0,0,0,0,0,1,0,0,0,0,0,0,0,0,735
874,15,2,14,1,0,256,1920,1080,0,0,0,0,0,0,0,0,0,0,0,0,0,0,0,0,1,0,0,0,1849
875,12,2,8,1,0,256,1920,1080,0,0,0,0,0,1,0,0,0,0,0,0,0,0,0,0,0,0,0,0,1690
876,15,1,4,2,0,0,1366,768,0,1024,0,1,0,0,0,0,0,0,0,0,0,0,0,0,0,0,0,0,398
877,13,2,8,1,0,256,1920,1080,1,0,0,0,0,0,0,0,0,0,0,0,0,0,0,0,0,0,0,1,935
878,15,2,4,2,0,128,1920,1080,0,1024,0,0,0,1,0,0,0,0,0,0,0,0,0,0,0,0,0,0,912
879,15,2,4,2,0,256,1920,1080,0,0,0,0,0,0,0,0,1,0,0,0,0,0,0,0,0,0,0,0,839
880,13,2,4,1,1,256,1920,1080,0,0,0,0,0,0,0,0,1,0,0,0,0,0,0,0,0,0,0,0,1700
881,15,2,4,2,1,0,1366,768,0,500,0,0,0,0,0,0,1,0,0,0,0,0,0,0,0,0,0,0,684
882,14,1,4,1,0,0,1366,768,0,0,0,1,0,0,0,0,0,0,0,0,0,0,0,0,0,0,0,0,348
883,15,2,8,2,0,0,1920,1080,1,1024,0,0,0,0,0,0,0,0,0,1,0,0,0,0,0,0,0,0,669
884,15,1,4,2,0,0,1366,768,0,500,0,0,0,1,0,0,0,0,0,0,0,0,0,0,0,0,0,0,369
885,13,2,4,1,1,256,1920,1080,0,0,0,0,0,0,0,0,1,0,0,0,0,0,0,0,0,0,0,0,1799
886,15,2,4,2,0,0,1366,768,0,1024,0,0,0,1,0,0,0,0,0,0,0,0,0,0,0,0,0,0,455
887,17,2,12,2,0,128,1920,1080,0,1024,0,1,0,0,0,0,0,0,0,0,0,0,0,0,0,0,0,0,1369
888,11,1,4,1,0,0,1366,768,1,0,0,0,0,0,0,0,0,0,0,0,0,0,0,0,0,0,0,0,297
889,17,2,4,2,0,0,1600,900,0,500,0,0,0,0,0,0,0,0,0,1,0,0,0,0,0,0,0,0,379
890,14,2,4,1,0,128,1920,1080,0,0,0,0,0,0,0,0,1,0,0,0,0,0,0,0,0,0,0,0,1265
891,13,2,14,1,1,256,3200,1800,0,0,0,0,0,0,0,0,1,0,0,0,0,0,0,0,0,0,0,0,1399
892,15,2,8,1,0,256,1920,1080,0,0,0,0,0,0,0,0,0,0,0,0,0,0,0,0,1,0,0,0,1699
893,14,2,8,1,0,256,1920,1080,1,0,0,0,0,0,0,0,0,0,0,1,0,0,0,0,0,0,0,0,1799
894,17,2,14,2,0,512,3840,2160,1,2048,0,0,0,0,0,0,0,0,0,0,1,0,0,0,0,0,0,0,2649
895,13,2,8,1,0,256,1920,1080,0,0,0,0,0,0,0,0,0,0,0,0,0,0,0,0,0,1,0,0,1475
896,15,2,8,2,0,0,1920,1080,0,1024,0,0,0,1,0,0,0,0,0,0,0,0,0,0,0,0,0,0,929
897,15,2,8,2,0,0,1920,1080,0,1024,0,0,0,0,0,0,1,0,0,0,0,0,0,0,0,0,0,0,900
898,15,2,4,2,0,0,1366,768,0,1024,0,0,0,1,0,0,0,0,0,0,0,0,0,0,0,0,0,0,614
899,15,2,8,1,0,0,1920,1080,0,500,0,0,0,1,0,0,0,0,0,0,0,0,0,0,0,0,0,0,935
900,13,1,8,1,1,512,3200,1800,0,0,0,0,0,1,0,0,0,0,0,0,0,0,0,0,0,0,0,0,2013
901,17,2,14,3,0,512,1920,1080,1,0,0,1,0,0,0,0,0,0,0,0,0,0,0,0,0,0,0,0,1279
902,13,1,14,1,1,256,1920,1080,0,0,0,0,0,1,0,0,0,0,0,0,0,0,0,0,0,0,0,0,1649
903,14,2,8,1,0,0,1920,1080,1,0,0,0,0,0,0,0,0,0,0,1,0,0,0,0,0,0,0,0,2049
904,15,2,8,1,0,512,1920,1080,1,0,0,0,0,0,0,0,0,0,0,1,0,0,0,0,0,0,0,0,1962
905,15,2,14,1,1,512,1920,1080,1,0,0,0,0,0,0,0,0,0,1,0,0,0,0,0,0,0,0,0,2099
906,12,2,8,1,0,512,1920,1080,0,0,0,0,0,0,0,0,1,0,0,0,0,0,0,0,0,0,0,0,1483
907,15,1,4,2,0,0,1920,1080,1,0,0,0,0,0,0,0,0,0,0,0,0,0,0,0,0,0,0,0,359
908,15,2,8,2,0,128,1920,1080,1,1024,0,0,0,0,0,0,0,0,0,1,0,0,0,0,0,0,0,0,789
909,14,2,8,0,1,512,1920,1080,1,0,0,0,0,0,0,0,0,0,1,0,0,0,0,0,0,0,0,0,1899
910,14,2,8,1,0,256,1920,1080,0,0,0,0,0,1,0,0,0,0,0,0,0,0,0,0,0,0,0,0,1205
911,12,1,8,1,1,240,3840,2160,0,0,0,0,0,0,0,0,1,0,0,0,0,0,0,0,0,0,0,0,2827
912,15,2,6,2,0,256,1920,1080,0,0,0,0,0,0,0,0,0,0,0,1,0,0,0,0,0,0,0,0,789
913,15,2,8,2,0,256,1920,1080,0,0,0,0,0,0,0,0,1,0,0,0,0,0,0,0,0,0,0,0,1018
914,15,2,4,2,0,0,1920,1080,0,1024,0,0,0,0,0,0,0,0,0,0,0,0,0,0,0,0,0,0,499
915,13,2,4,1,0,128,1920,1080,0,0,0,0,0,0,0,0,0,0,0,1,0,0,0,0,0,0,0,0,881
916,13,2,8,1,0,256,1920,1080,0,0,0,0,0,0,0,0,1,0,0,0,0,0,0,0,0,0,0,0,960
917,17,2,14,2,0,256,1920,1080,0,1024,0,0,0,0,0,0,0,0,0,0,1,0,0,0,0,0,0,0,1599
918,15,2,14,2,0,128,1920,1080,0,1024,0,0,0,1,0,0,0,0,0,0,0,0,0,0,0,0,0,0,1349
919,15,2,8,2,0,128,1920,1080,0,1024,0,0,0,0,0,0,0,0,0,0,1,0,0,0,0,0,0,0,1119
920,15,2,4,2,0,0,1366,768,0,1024,0,0,0,1,0,0,0,0,0,0,0,0,0,0,0,0,0,0,684
921,15,2,8,1,0,256,1920,1080,0,0,0,0,0,0,0,0,1,0,0,0,0,0,0,0,0,0,0,0,1296
922,13,2,8,1,1,256,3200,1800,0,0,0,0,0,0,0,0,1,0,0,0,0,0,0,0,0,0,0,0,1149
923,15,2,14,2,0,256,1920,1080,1,0,0,0,0,0,0,0,0,0,0,0,0,0,0,0,0,1,0,0,1975
924,13,2,8,1,1,512,1920,1080,1,0,0,0,0,0,0,0,0,0,0,1,0,0,0,0,0,0,0,0,1825
925,15,2,4,1,0,0,1366,768,0,500,0,0,0,1,0,0,0,0,0,0,0,0,0,0,0,0,0,0,729
926,12,2,8,1,0,256,1920,1080,1,0,0,0,0,0,0,0,0,0,0,1,0,0,0,0,0,0,0,0,1650
927,15,2,8,2,0,256,1920,1080,0,0,0,0,0,0,0,0,1,0,0,0,0,0,0,0,0,0,0,0,1165
928,15,2,4,2,0,0,1366,768,0,1024,0,0,0,1,0,0,0,0,0,0,0,0,0,0,0,0,0,0,708
929,14,2,4,1,0,0,1366,768,0,500,0,0,0,0,0,0,1,0,0,0,0,0,0,0,0,0,0,0,1149
930,15,1,4,2,0,0,1366,768,0,1024,0,0,0,0,0,0,0,0,0,1,0,0,0,0,0,0,0,0,309
931,12,2,4,1,0,0,1920,1080,0,500,0,0,0,0,0,0,1,0,0,0,0,0,0,0,0,0,0,0,1579
932,15,1,4,1,0,0,1366,768,0,1024,0,0,0,0,0,0,1,0,0,0,0,0,0,0,0,0,0,0,288
933,13,2,14,1,1,1024,3200,1800,1,0,0,0,0,0,0,0,0,0,0,1,0,0,0,0,0,0,0,0,1799
934,14,2,4,1,0,128,1920,1080,1,0,0,0,0,0,0,0,0,0,0,0,0,0,0,0,0,1,0,0,1105
935,12,2,8,1,0,256,1920,1080,0,0,0,0,0,0,0,0,1,0,0,0,0,0,0,0,0,0,0,0,1669
936,15,2,4,2,0,0,1366,768,0,1024,0,0,0,1,0,0,0,0,0,0,0,0,0,0,0,0,0,0,558
937,15,2,8,2,0,128,1920,1080,0,1024,0,0,0,0,0,0,0,0,0,0,1,0,0,0,0,0,0,0,1199
938,14,2,8,1,0,256,1920,1080,0,0,0,0,0,1,0,0,0,0,0,0,0,0,0,0,0,0,0,0,1639
939,17,2,14,3,0,512,2560,1440,0,1024,0,0,0,1,0,0,0,0,0,0,0,0,0,0,0,0,0,0,2758
940,17,2,8,2,0,128,1920,1080,1,1024,0,0,0,0,0,0,1,0,0,0,0,0,0,0,0,0,0,0,1399
941,17,1,4,2,0,0,1600,900,0,1024,0,1,0,0,0,0,0,0,0,0,0,0,0,0,0,0,0,0,530
942,15,2,4,2,0,0,1366,768,0,500,0,0,0,0,0,0,0,0,0,0,0,0,0,0,0,0,0,0,619
943,15,2,8,2,0,256,1366,768,0,0,0,0,0,0,0,0,0,0,0,0,0,0,0,0,0,1,0,0,1119
944,11,1,8,1,1,256,1920,1080,1,0,0,0,0,0,0,0,0,0,0,1,0,0,0,0,0,0,0,0,1299
945,15,2,14,2,0,512,1920,1080,1,1024,0,0,0,0,0,0,0,0,0,1,0,0,0,0,0,0,0,0,999
946,12,2,8,1,1,256,1920,1080,0,0,0,0,0,1,0,0,0,0,0,0,0,0,0,0,0,0,0,0,1472
947,15,2,8,2,0,0,1920,1080,0,1024,0,0,0,0,0,0,0,0,0,1,0,0,0,0,0,0,0,0,685
948,17,2,4,2,0,0,1600,900,0,1024,0,0,0,1,0,0,0,0,0,0,0,0,0,0,0,0,0,0,659
949,14,1,4,1,0,0,1366,768,0,0,0,0,0,0,0,0,0,0,0,0,0,0,0,0,0,0,0,0,349
950,15,2,8,2,0,8,1920,1080,1,0,0,0,0,0,0,0,1,0,0,0,0,0,0,0,0,0,0,0,2249
951,14,2,8,1,0,256,1920,1080,0,0,0,0,0,1,0,0,0,0,0,0,0,0,0,0,0,0,0,0,1775
952,13,2,8,1,0,256,1920,1080,0,0,0,0,0,0,0,0,0,0,0,0,0,0,0,0,0,1,0,0,1460
953,12,1,8,1,0,0,1920,1080,0,0,0,1,0,0,0,0,0,0,0,0,0,0,0,0,0,0,0,0,1159
954,14,2,8,1,0,256,1920,1080,1,0,0,0,0,0,0,0,0,0,0,1,0,0,0,0,0,0,0,0,1488
955,17,2,14,3,0,512,3840,2160,1,1024,0,0,0,1,0,0,0,0,0,0,0,0,0,0,0,0,0,0,2827
956,13,1,8,1,1,256,1920,1080,0,0,0,0,0,1,0,0,0,0,0,0,0,0,0,0,0,0,0,0,1899
957,11,1,4,1,1,256,1366,768,0,0,0,0,0,0,0,0,1,0,0,0,0,0,0,0,0,0,0,0,775
958,13,2,8,1,0,256,3200,1800,0,0,0,0,0,1,0,0,0,0,0,0,0,0,0,0,0,0,0,0,1268
959,11,1,4,1,1,0,1366,768,1,0,0,0,0,0,0,0,0,0,0,0,0,0,0,0,0,0,0,0,389
960,13,2,8,1,0,256,1920,1080,0,0,0,0,0,0,0,0,0,0,0,0,0,0,0,0,0,1,0,0,1535
961,12,2,8,1,0,256,1920,1080,1,0,0,0,0,0,0,0,0,0,0,1,0,0,0,0,0,0,0,0,1760
962,15,2,12,2,0,128,1920,1080,0,1024,0,0,0,0,0,0,0,0,0,0,0,0,0,0,0,0,0,0,1009
963,12,2,8,1,1,512,1920,1080,0,0,0,0,0,0,0,0,0,0,0,0,0,0,0,0,0,1,0,0,1790
964,15,2,8,2,0,0,1366,768,0,1024,0,0,0,0,0,0,1,0,0,0,0,0,0,0,0,0,0,0,846
965,15,2,4,2,0,0,1366,768,0,1024,0,0,0,1,0,0,0,0,0,0,0,0,0,0,0,0,0,0,465
966,15,2,4,1,0,0,1366,768,0,500,0,0,0,1,0,0,0,0,0,0,0,0,0,0,0,0,0,0,825
967,15,2,4,2,0,0,1920,1080,0,500,0,0,0,0,0,0,1,0,0,0,0,0,0,0,0,0,0,0,685
968,17,2,14,3,0,256,1920,1080,1,1024,0,0,0,1,0,0,0,0,0,0,0,0,0,0,0,0,0,0,2827
969,15,2,6,2,0,256,1920,1080,0,0,0,0,0,0,0,0,0,0,0,1,0,0,0,0,0,0,0,0,695
970,13,1,14,1,1,512,3200,1800,0,0,0,0,0,1,0,0,0,0,0,0,0,0,0,0,0,0,0,0,1899
971,14,2,8,1,1,256,2560,1440,0,0,0,0,0,1,0,0,0,0,0,0,0,0,0,0,0,0,0,0,1962
972,17,2,14,3,0,256,1920,1080,0,1024,0,0,0,1,0,0,0,0,0,0,0,0,0,0,0,0,0,0,2800
973,14,2,8,1,0,256,1920,1080,0,0,0,0,0,0,0,0,0,0,0,0,0,0,0,0,0,1,0,0,1180
974,17,2,14,2,0,256,1920,1080,0,1024,0,1,0,0,0,0,0,0,0,0,0,0,0,0,0,0,0,0,2049
975,15,2,8,2,0,128,1920,1080,1,1024,0,0,0,0,0,0,1,0,0,0,0,0,0,0,0,0,0,0,979
976,14,2,4,1,0,0,1366,768,0,0,0,0,0,0,0,0,0,0,0,1,0,0,0,0,0,0,0,0,1002
977,15,2,14,2,1,512,3840,2160,0,2048,0,1,0,0,0,0,0,0,0,0,0,0,0,0,0,0,0,0,1799
978,15,2,6,2,0,0,1366,768,0,1024,0,0,0,0,0,0,1,0,0,0,0,0,0,0,0,0,0,0,579
979,17,2,14,2,0,256,1920,1080,0,1024,0,1,0,0,0,0,0,0,0,0,0,0,0,0,0,0,0,0,1749
980,15,2,12,2,1,512,1920,1080,1,0,0,0,0,1,0,0,0,0,0,0,0,0,0,0,0,0,0,0,1299
981,13,2,4,1,0,128,1920,1080,0,0,0,0,0,0,0,0,0,0,0,0,0,0,0,0,0,1,0,0,1195
982,15,3,6,2,0,256,1920,1080,0,0,0,0,0,0,0,0,0,0,0,1,0,0,0,0,0,0,0,0,549
983,15,2,4,2,0,256,1366,768,0,0,0,0,0,0,1,0,0,0,0,0,0,0,0,0,0,0,0,0,649
984,14,2,4,1,0,0,1366,768,0,500,0,0,0,0,0,0,0,0,0,0,0,0,0,0,0,1,0,0,915
985,15,2,4,2,0,0,1366,768,0,500,0,0,0,1,0,0,0,0,0,0,0,0,0,0,0,0,0,0,599
986,15,2,8,2,0,0,1920,1080,0,1024,0,0,0,0,0,0,1,0,0,0,0,0,0,0,0,0,0,0,806
987,15,2,8,2,0,128,1920,1080,1,1024,0,0,0,0,0,0,0,0,0,1,0,0,0,0,0,0,0,0,1189
988,15,2,8,2,0,0,1366,768,0,1024,0,0,0,1,0,0,0,0,0,0,0,0,0,0,0,0,0,0,749
989,14,2,8,1,0,128,1920,1080,0,0,0,0,0,1,0,0,0,0,0,0,0,0,0,0,0,0,0,0,1119
990,12,1,8,0,0,512,1920,1080,0,0,0,0,0,0,0,0,1,0,0,0,0,0,0,0,0,0,0,0,1908
991,15,2,4,2,0,128,1920,1080,0,1024,0,0,0,0,0,0,1,0,0,0,0,0,0,0,0,0,0,0,499
992,15,1,4,1,0,128,1366,768,0,0,0,0,0,0,0,0,0,0,0,1,0,0,0,0,0,0,0,0,270
993,15,2,8,2,0,256,1920,1080,0,0,0,0,0,0,0,0,0,0,0,1,0,0,0,0,0,0,0,0,1349
994,13,2,8,1,1,256,1920,1080,0,0,0,0,0,1,0,0,0,0,0,0,0,0,0,0,0,0,0,0,889
995,13,2,8,1,0,256,3200,1800,0,0,0,1,0,0,0,0,0,0,0,0,0,0,0,0,0,0,0,0,1150
996,13,2,8,1,1,256,1920,1080,1,0,0,0,0,0,0,0,1,0,0,0,0,0,0,0,0,0,0,0,1349
997,15,1,4,2,0,0,1366,768,0,500,0,0,0,0,0,0,0,0,0,0,0,0,0,0,0,0,0,0,380
998,15,2,14,2,0,256,1920,1080,0,1024,0,1,0,0,0,0,0,0,0,0,0,0,0,0,0,0,0,0,1799
999,14,2,8,1,0,512,1920,1080,0,0,0,0,0,0,0,0,1,0,0,0,0,0,0,0,0,0,0,0,2089
1000,15,2,8,2,0,128,1920,1080,1,1024,0,0,0,0,0,0,0,0,0,0,0,0,0,0,0,0,0,0,1260
1001,13,2,8,1,0,256,1920,1080,1,0,0,0,0,0,0,0,1,0,0,0,0,0,0,0,0,0,0,0,1189
1002,15,2,4,2,0,128,1366,768,0,0,0,0,0,1,0,0,0,0,0,0,0,0,0,0,0,0,0,0,547
1003,14,2,4,1,0,0,1366,768,0,500,0,0,0,0,0,0,1,0,0,0,0,0,0,0,0,0,0,0,779
1004,13,2,4,1,0,128,1920,1080,0,0,0,0,0,0,0,0,0,0,0,0,0,0,0,0,0,1,0,0,1195
1005,14,2,4,1,0,256,1366,768,0,0,0,0,0,0,0,0,1,0,0,0,0,0,0,0,0,0,0,0,1099
1006,14,2,4,1,0,256,1920,1080,0,0,0,0,0,0,0,0,1,0,0,0,0,0,0,0,0,0,0,0,1205
1007,14,2,8,1,0,256,1920,1080,0,0,0,0,0,0,0,0,1,0,0,0,0,0,0,0,0,0,0,0,1449
1008,14,2,8,1,0,256,1920,1080,0,0,0,0,0,0,0,0,1,0,0,0,0,0,0,0,0,0,0,0,1049
1009,14,2,4,1,0,0,1366,768,0,500,0,0,0,0,0,0,1,0,0,0,0,0,0,0,0,0,0,0,684
1010,15,2,8,2,0,0,1920,1080,0,0,0,0,0,1,0,0,0,0,0,0,0,0,0,0,0,0,0,0,949
1011,12,2,4,1,0,0,1920,1080,0,500,0,0,0,0,0,0,1,0,0,0,0,0,0,0,0,0,0,0,1539
1012,14,2,4,1,0,256,1920,1080,0,0,0,0,0,0,0,0,1,0,0,0,0,0,0,0,0,0,0,0,1590
1013,14,2,8,1,0,256,1920,1080,0,0,0,0,0,0,0,0,1,0,0,0,0,0,0,0,0,0,0,0,1887
1014,13,2,4,1,0,0,1366,768,0,500,0,0,0,0,0,0,1,0,0,0,0,0,0,0,0,0,0,0,800
1015,13,2,8,1,0,256,1366,768,0,0,0,0,0,0,0,0,0,0,0,0,0,0,0,0,0,1,0,0,1210
1016,15,2,4,2,0,256,1366,768,0,0,0,0,0,0,0,0,1,0,0,0,0,0,0,0,0,0,0,0,769
1017,17,2,14,2,0,512,3840,2160,1,0,0,0,0,0,0,0,0,0,0,1,0,0,0,0,0,0,0,0,2827
1018,14,2,8,1,0,256,1920,1080,1,0,0,0,0,0,0,0,0,0,0,0,0,0,0,0,0,1,0,0,1490
1019,14,2,8,1,0,256,1920,1080,0,0,0,0,0,0,0,0,1,0,0,0,0,0,0,0,0,0,0,0,2229
1020,15,2,4,2,1,0,1920,1080,1,1024,0,0,0,1,0,0,0,0,0,0,0,0,0,0,0,0,0,0,795
1021,13,2,8,1,0,256,1920,1080,0,0,0,0,0,0,0,0,0,0,0,0,0,0,0,0,0,1,0,0,1590
1022,13,2,8,1,0,256,1920,1080,1,0,0,0,0,0,0,0,1,0,0,0,0,0,0,0,0,0,0,0,1149
1023,14,2,8,1,0,256,1920,1080,0,0,0,0,0,0,0,0,1,0,0,0,0,0,0,0,0,0,0,0,1185
1024,15,2,8,2,0,0,1920,1080,0,500,0,0,0,1,0,0,0,0,0,0,0,0,0,0,0,0,0,0,1046
1025,12,2,4,1,0,256,1366,768,0,0,0,0,0,0,0,0,1,0,0,0,0,0,0,0,0,0,0,0,1559
1026,14,2,4,2,0,0,1366,768,0,500,0,0,0,0,0,0,1,0,0,0,0,0,0,0,0,0,0,0,1189
1027,14,2,4,1,0,0,1366,768,0,500,0,0,0,0,0,0,1,0,0,0,0,0,0,0,0,0,0,0,1060
1028,13,2,8,1,1,256,3200,1800,0,0,0,0,0,1,0,0,0,0,0,0,0,0,0,0,0,0,0,0,1624
1029,17,2,8,2,0,256,1920,1080,0,0,0,0,0,0,0,0,1,0,0,0,0,0,0,0,0,0,0,0,1080
1030,14,2,4,1,0,256,1366,768,0,0,0,0,0,0,0,0,1,0,0,0,0,0,0,0,0,0,0,0,973
1031,15,3,6,2,0,0,1366,768,0,1024,0,0,0,0,0,0,0,0,0,0,0,0,0,0,0,0,0,0,409
1032,17,2,8,2,0,128,1920,1080,0,1024,0,0,0,0,0,0,0,0,0,0,1,0,0,0,0,0,0,0,1191
1033,14,2,8,1,0,256,1920,1080,0,0,0,0,0,0,0,0,1,0,0,0,0,0,0,0,0,0,0,0,1195
1034,15,2,8,1,0,256,1920,1080,0,0,0,0,0,0,0,0,1,0,0,0,0,0,0,0,0,0,0,0,1228
1035,12,2,8,1,0,256,1920,1080,0,0,0,0,0,0,0,0,1,0,0,0,0,0,0,0,0,0,0,0,1349
1036,15,2,4,2,0,0,1366,768,0,500,0,0,0,0,0,0,1,0,0,0,0,0,0,0,0,0,0,0,742
1037,14,2,8,1,0,256,1920,1080,1,0,0,0,0,0,0,0,0,0,0,0,0,0,0,0,0,1,0,0,1725
1038,15,2,8,2,0,256,1920,1080,0,0,0,0,0,1,0,0,0,0,0,0,0,0,0,0,0,0,0,0,1062
1039,14,2,8,1,0,256,1920,1080,0,0,0,0,0,0,0,0,1,0,0,0,0,0,0,0,0,0,0,0,1010
1040,15,2,4,1,1,256,1920,1080,1,0,0,0,0,0,0,0,0,0,0,1,0,0,0,0,0,0,0,0,847
1041,14,1,2,1,0,0,1366,768,0,0,0,0,0,0,0,0,0,0,0,0,0,0,0,0,0,0,1,0,210
1042,15,2,14,2,0,256,1920,1080,1,0,0,0,0,0,0,0,0,0,0,0,0,0,0,0,0,1,0,0,1425
1043,15,2,8,2,0,256,1920,1080,0,0,0,0,0,0,0,0,0,0,0,1,0,0,0,0,0,0,0,0,1049
1044,14,2,4,1,0,0,1920,1080,0,500,0,0,0,0,0,0,1,0,0,0,0,0,0,0,0,0,0,0,1000
1045,15,2,8,1,0,256,1920,1080,0,500,0,0,0,0,0,0,1,0,0,0,0,0,0,0,0,0,0,0,2103
1046,14,2,8,1,0,256,1920,1080,0,0,0,0,0,0,0,0,1,0,0,0,0,0,0,0,0,0,0,0,1469
1047,17,2,14,3,0,256,1920,1080,1,1024,0,0,0,0,0,0,0,0,0,0,1,0,0,0,0,0,0,0,1545
1048,17,2,14,3,0,128,1920,1080,1,1024,0,0,0,0,0,0,0,0,0,1,0,0,0,0,0,0,0,0,2289
1049,11,1,4,1,0,0,1366,768,0,0,0,1,0,0,0,0,0,0,0,0,0,0,0,0,0,0,0,0,287
1050,14,2,14,1,0,256,2560,1440,1,0,0,0,0,0,0,0,0,0,0,1,0,0,0,0,0,0,0,0,2620
1051,15,2,8,1,0,0,1920,1080,1,1024,0,0,0,0,0,0,1,0,0,0,0,0,0,0,0,0,0,0,979
1052,15,2,8,2,1,256,1920,1080,1,0,0,0,0,1,0,0,0,0,0,0,0,0,0,0,0,0,0,0,1094
1053,15,2,4,2,0,256,1366,768,0,0,0,0,0,0,0,0,1,0,0,0,0,0,0,0,0,0,0,0,979
1054,13,2,14,1,1,1024,3200,1800,0,0,0,0,0,1,0,0,0,0,0,0,0,0,0,0,0,0,0,0,2254
1055,15,2,4,2,0,0,1366,768,0,500,0,0,0,0,0,0,1,0,0,0,0,0,0,0,0,0,0,0,705
1056,15,2,4,1,0,0,1366,768,0,500,0,0,0,0,0,0,1,0,0,0,0,0,0,0,0,0,0,0,499
1057,15,2,8,2,0,0,1366,768,0,1024,0,0,0,0,0,0,0,0,0,0,0,0,0,0,0,0,0,0,449
1058,13,2,12,1,1,256,1920,1080,1,0,0,0,0,1,0,0,0,0,0,0,0,0,0,0,0,0,0,0,1299
1059,15,2,14,2,0,256,1920,1080,0,1024,0,0,0,0,0,0,0,0,0,0,1,0,0,0,0,0,0,0,1819
1060,15,2,8,2,0,256,1920,1080,0,0,0,0,0,0,0,0,1,0,0,0,0,0,0,0,0,0,0,0,1070
1061,17,2,14,3,0,0,1920,1080,1,1024,0,1,0,0,0,0,0,0,0,0,0,0,0,0,0,0,0,0,998
1062,15,2,4,2,0,0,1920,1080,0,1024,0,0,0,1,0,0,0,0,0,0,0,0,0,0,0,0,0,0,559
1063,15,2,14,2,0,0,1920,1080,0,2048,0,0,0,1,0,0,0,0,0,0,0,0,0,0,0,0,0,0,989
1064,15,2,14,1,0,256,1920,1080,0,1024,0,0,0,0,0,0,0,0,0,0,1,0,0,0,0,0,0,0,1929
1065,13,2,8,1,0,256,1920,1080,0,0,0,0,0,1,0,0,0,0,0,0,0,0,0,0,0,0,0,0,1458
1066,17,2,14,3,0,1024,1920,1080,1,0,0,1,0,0,0,0,0,0,0,0,0,0,0,0,0,0,0,0,2827
1067,13,2,8,1,1,256,1920,1080,0,0,0,0,0,1,0,0,0,0,0,0,0,0,0,0,0,0,0,0,798
1068,15,2,14,3,0,256,3840,2160,0,1024,0,0,0,1,0,0,0,0,0,0,0,0,0,0,0,0,0,0,1329
1069,12,1,8,0,0,0,2304,1440,1,0,1,0,0,0,0,0,0,0,0,0,0,0,0,0,0,0,0,0,1300
1070,15,2,4,2,0,0,1366,768,0,500,0,0,0,1,0,0,0,0,0,0,0,0,0,0,0,0,0,0,481
1071,15,2,4,2,0,0,1366,768,0,500,0,0,0,0,0,0,1,0,0,0,0,0,0,0,0,0,0,0,1199
1072,12,2,8,1,0,256,1920,1080,0,0,0,0,0,0,0,0,1,0,0,0,0,0,0,0,0,0,0,0,1199
1073,13,2,8,1,0,256,1920,1080,0,0,0,0,0,0,0,0,1,0,0,0,0,0,0,0,0,0,0,0,1090
1074,12,2,8,1,1,256,1920,1080,1,0,0,0,0,0,0,0,0,0,0,1,0,0,0,0,0,0,0,0,1713
1075,17,2,8,3,0,0,1600,900,0,1024,0,0,0,0,0,0,0,0,0,1,0,0,0,0,0,0,0,0,659
1076,15,2,4,2,0,0,1920,1080,1,1024,0,0,0,0,0,0,0,0,0,1,0,0,0,0,0,0,0,0,977
1077,17,2,14,3,0,256,1920,1080,0,1024,0,0,0,0,0,0,0,0,0,0,1,0,0,0,0,0,0,0,2499
1078,15,2,4,2,0,0,1366,768,0,500,0,0,0,0,0,0,0,0,0,1,0,0,0,0,0,0,0,0,540
1079,15,2,4,2,0,0,1920,1080,0,500,0,0,0,0,0,0,1,0,0,0,0,0,0,0,0,0,0,0,940
1080,12,1,8,0,1,512,2560,1440,1,0,0,0,0,0,0,0,0,0,0,1,0,0,0,0,0,0,0,0,1399
1081,17,2,14,3,0,512,1920,1080,1,0,0,0,0,0,0,0,0,0,0,1,0,0,0,0,0,0,0,0,2827
1082,11,1,4,0,1,0,1920,1200,1,0,0,0,0,0,0,0,0,0,0,1,0,0,0,0,0,0,0,0,646
1083,13,2,14,1,0,512,3840,2160,1,0,0,0,0,0,0,0,1,0,0,0,0,0,0,0,0,0,0,0,2049
1084,15,2,8,2,0,256,1920,1080,0,0,0,0,0,1,0,0,0,0,0,0,0,0,0,0,0,0,0,0,750
1085,14,2,4,1,0,0,1920,1080,0,500,0,0,0,0,0,0,1,0,0,0,0,0,0,0,0,0,0,0,1030
1086,15,2,8,1,0,256,1920,1080,0,0,0,0,0,0,0,0,1,0,0,0,0,0,0,0,0,0,0,0,1495
1087,14,2,8,1,0,180,1920,1080,0,0,0,0,0,0,0,0,0,0,0,1,0,0,0,0,0,0,0,0,1199
1088,13,1,4,1,0,0,3200,1800,0,0,0,0,0,0,0,0,1,0,0,0,0,0,0,0,0,0,0,0,615
1089,15,2,4,2,0,0,1366,768,0,500,0,0,0,0,0,0,0,0,0,0,0,0,0,0,0,0,0,0,387
1090,15,1,4,2,0,0,1366,768,0,500,0,0,0,1,0,0,0,0,0,0,0,0,0,0,0,0,0,0,393
1091,15,2,4,1,0,0,1366,768,0,1024,0,0,0,0,0,0,1,0,0,0,0,0,0,0,0,0,0,0,345
1092,17,2,8,2,0,256,1920,1080,1,1024,0,1,0,0,0,0,0,0,0,0,0,0,0,0,0,0,0,0,1599
1093,13,1,4,1,0,256,1920,1080,1,0,0,0,0,1,0,0,0,0,0,0,0,0,0,0,0,0,0,0,818
1094,12,2,4,2,0,128,1366,768,0,0,0,0,0,0,0,0,1,0,0,0,0,0,0,0,0,0,0,0,1599
1095,15,2,8,2,0,256,1920,1080,0,1024,0,0,0,0,0,0,0,0,0,0,0,0,0,0,0,0,0,0,799
1096,15,2,8,2,0,0,1920,1080,0,1024,0,0,0,1,0,0,0,0,0,0,0,0,0,0,0,0,0,0,638
1097,17,2,8,2,0,256,1920,1080,0,0,0,0,0,0,0,0,0,0,0,0,1,0,0,0,0,0,0,0,1599
1098,15,1,4,1,0,0,1366,768,0,1024,0,0,0,0,0,0,1,0,0,0,0,0,0,0,0,0,0,0,500
1099,17,2,14,3,0,128,1920,1080,1,1024,0,1,0,0,0,0,0,0,0,0,0,0,0,0,0,0,0,0,2299
1100,12,2,4,1,0,0,1366,768,0,500,0,0,0,1,0,0,0,0,0,0,0,0,0,0,0,0,0,0,1135
1101,12,2,4,1,0,128,1366,768,0,0,0,0,0,1,0,0,0,0,0,0,0,0,0,0,0,0,0,0,1166
1102,15,1,4,2,0,16,1366,768,0,0,0,0,0,0,0,0,0,0,0,0,0,0,0,0,0,0,0,0,209
1103,17,2,8,3,0,0,1920,1080,1,1024,0,0,0,0,0,0,1,0,0,0,0,0,0,0,0,0,0,0,2827
1104,15,2,14,2,0,512,1920,1080,0,0,0,0,0,0,0,0,0,0,0,1,0,0,0,0,0,0,0,0,1199
1105,12,2,8,1,0,256,1366,768,0,0,0,0,0,1,0,0,0,0,0,0,0,0,0,0,0,0,0,0,1413
1106,17,2,8,2,0,128,1920,1080,0,1024,0,0,0,0,0,0,0,0,0,0,1,0,0,0,0,0,0,0,1511
1107,15,2,4,2,1,256,1920,1080,1,0,0,0,0,0,0,0,0,0,0,1,0,0,0,0,0,0,0,0,867
1108,15,2,4,2,0,0,1920,1080,0,1024,0,0,0,0,0,0,1,0,0,0,0,0,0,0,0,0,0,0,398
1109,15,2,14,2,0,128,1920,1080,1,1024,0,1,0,0,0,0,0,0,0,0,0,0,0,0,0,0,0,0,1339
1110,13,1,8,1,1,256,3200,1800,0,0,0,0,0,0,0,0,1,0,0,0,0,0,0,0,0,0,0,0,1699
1111,15,2,4,2,0,0,1366,768,0,500,0,0,0,1,0,0,0,0,0,0,0,0,0,0,0,0,0,0,769
1112,15,2,4,2,0,128,1366,768,0,0,0,0,0,0,0,0,0,0,0,1,0,0,0,0,0,0,0,0,429
1113,13,2,8,1,0,512,1920,1080,0,0,0,0,0,0,0,0,1,0,0,0,0,0,0,0,0,0,0,0,1969
1114,11,1,4,0,1,0,1920,1200,1,0,0,0,0,0,0,0,0,0,0,1,0,0,0,0,0,0,0,0,549
1115,13,2,8,1,0,256,1920,1080,0,0,0,0,0,1,0,0,0,0,0,0,0,0,0,0,0,0,0,0,1379
1116,17,2,14,3,0,256,1920,1080,1,0,0,0,0,0,0,0,0,0,0,1,0,0,0,0,0,0,0,0,2749
1117,12,2,8,1,1,256,3840,2160,0,0,0,0,0,0,0,0,0,0,0,0,0,0,0,1,0,0,0,0,1029
1118,13,2,14,1,0,512,1920,1080,0,0,0,0,0,0,0,0,0,0,0,0,0,0,0,0,0,1,0,0,2226
1119,17,2,8,3,0,128,1920,1080,0,1024,0,1,0,0,0,0,0,0,0,0,0,0,0,0,0,0,0,0,1312
1120,13,1,4,1,0,0,1920,1080,0,0,0,0,0,0,0,0,0,0,0,0,0,0,0,0,0,0,1,0,196
1121,13,2,8,1,0,256,1920,1080,0,0,0,0,0,0,0,0,1,0,0,0,0,0,0,0,0,0,0,0,1690
1122,14,2,8,1,0,256,1920,1080,0,0,0,0,0,0,0,0,1,0,0,0,0,0,0,0,0,0,0,0,1513
1123,15,2,4,2,0,0,1366,768,0,500,0,0,0,1,0,0,0,0,0,0,0,0,0,0,0,0,0,0,523
1124,15,2,4,2,0,0,1366,768,0,1024,0,1,0,0,0,0,0,0,0,0,0,0,0,0,0,0,0,0,435
1125,14,2,8,1,1,256,1920,1080,1,0,0,0,0,0,0,0,0,0,0,1,0,0,0,0,0,0,0,0,1669
1126,11,1,4,0,1,0,1920,1200,1,0,0,0,0,0,0,0,0,0,0,1,0,0,0,0,0,0,0,0,479
1127,12,2,8,1,0,256,1366,768,0,0,0,0,0,0,0,0,1,0,0,0,0,0,0,0,0,0,0,0,1895
1128,15,2,8,2,0,128,1920,1080,1,1024,0,0,0,0,0,0,0,0,0,1,0,0,0,0,0,0,0,0,989
1129,17,2,8,3,0,128,1920,1080,1,1024,0,0,0,0,0,0,1,0,0,0,0,0,0,0,0,0,0,0,1129
1130,15,2,8,2,0,0,1366,768,0,2048,0,0,0,0,0,0,1,0,0,0,0,0,0,0,0,0,0,0,629
1131,14,2,8,1,1,512,1920,1080,1,0,0,0,0,0,0,0,0,0,0,1,0,0,0,0,0,0,0,0,2050
1132,14,1,4,1,0,0,1366,768,0,0,0,1,0,0,0,0,0,0,0,0,0,0,0,0,0,0,0,0,278
1133,15,2,8,1,0,256,1920,1080,0,0,0,0,0,0,0,0,1,0,0,0,0,0,0,0,0,0,0,0,752
1134,15,2,4,2,0,0,1920,1080,0,1024,0,0,0,0,0,0,0,0,0,0,0,0,0,0,0,0,0,0,616
1135,15,2,14,2,0,0,1920,1080,0,0,0,0,0,0,0,0,0,0,0,1,0,0,0,0,0,0,0,0,1099
1136,17,2,8,3,0,256,1920,1080,1,0,0,0,0,0,0,0,1,0,0,0,0,0,0,0,0,0,0,0,2827
1137,15,2,8,2,0,0,1366,768,0,1024,0,0,0,1,0,0,0,0,0,0,0,0,0,0,0,0,0,0,784
1138,17,2,14,3,0,256,1920,1080,0,1024,0,0,0,0,0,0,0,0,0,0,1,0,0,0,0,0,0,0,2399
1139,15,2,8,1,0,256,1920,1080,0,0,0,0,0,0,0,0,1,0,0,0,0,0,0,0,0,0,0,0,2171
1140,14,2,14,2,1,512,2560,1440,1,0,0,0,0,0,0,0,0,0,0,1,0,0,0,0,0,0,0,0,2440
1141,15,2,8,2,0,128,1920,1080,0,1024,0,0,0,0,0,0,0,0,0,0,1,0,0,0,0,0,0,0,1142
1142,13,2,8,1,1,256,1920,1080,0,0,0,0,0,0,0,0,1,0,0,0,0,0,0,0,0,0,0,0,1629
1143,15,2,8,2,0,256,1920,1080,1,0,0,0,0,0,0,0,1,0,0,0,0,0,0,0,0,0,0,0,2229
1144,13,2,8,1,1,256,2560,1440,0,0,0,0,0,0,0,0,1,0,0,0,0,0,0,0,0,0,0,0,1799
1145,15,2,8,2,0,256,1920,1080,0,0,0,0,0,0,0,0,1,0,0,0,0,0,0,0,0,0,0,0,1899
1146,12,2,8,1,0,256,1920,1080,0,0,0,0,0,0,0,0,1,0,0,0,0,0,0,0,0,0,0,0,2296
1147,15,2,8,2,0,256,1920,1080,0,0,0,0,0,1,0,0,0,0,0,0,0,0,0,0,0,0,0,0,1009
1148,15,2,8,1,0,256,1920,1080,0,0,0,0,0,0,0,0,1,0,0,0,0,0,0,0,0,0,0,0,1579
1149,14,2,8,1,1,256,2560,1440,1,0,0,0,0,0,0,0,0,0,0,1,0,0,0,0,0,0,0,0,2339
1150,15,2,4,1,0,0,1366,768,0,1024,0,0,0,0,0,0,0,0,0,1,0,0,0,0,0,0,0,0,339
1151,15,1,4,1,0,0,1366,768,0,500,0,0,0,0,0,0,1,0,0,0,0,0,0,0,0,0,0,0,297
1152,15,2,8,2,0,0,1920,1080,0,1024,0,0,0,0,0,0,0,0,0,1,0,0,0,0,0,0,0,0,599
1153,15,2,8,2,0,0,1920,1080,0,1024,0,0,0,1,0,0,0,0,0,0,0,0,0,0,0,0,0,0,1199
1154,15,2,8,2,1,256,3840,2160,1,0,0,0,0,1,0,0,0,0,0,0,0,0,0,0,0,0,0,0,2250
1155,15,2,4,1,0,256,1920,1080,0,0,0,0,0,0,0,0,1,0,0,0,0,0,0,0,0,0,0,0,478
1156,17,2,14,2,0,256,1920,1080,0,1024,0,0,0,0,0,0,0,0,0,0,1,0,0,0,0,0,0,0,1492
1157,14,2,12,1,0,512,1920,1080,0,0,0,0,0,0,0,0,0,0,0,1,0,0,0,0,0,0,0,0,2299
1158,15,2,8,2,0,0,1920,1080,0,0,0,0,0,0,0,0,0,0,0,1,0,0,0,0,0,0,0,0,788
1159,13,2,8,1,1,512,2560,1440,0,0,0,0,0,0,0,0,1,0,0,0,0,0,0,0,0,0,0,0,2041
1160,14,2,8,1,0,256,1920,1080,0,0,0,0,0,0,0,0,0,0,0,1,0,0,0,0,0,0,0,0,1499
1161,14,2,14,1,0,256,1920,1080,0,1024,0,0,0,0,0,0,0,0,0,0,1,0,0,0,0,0,0,0,1769
1162,15,2,8,2,0,0,1920,1080,1,1024,0,0,0,0,0,0,1,0,0,0,0,0,0,0,0,0,0,0,899
1163,15,2,8,2,0,0,1366,768,0,1024,0,0,0,0,0,0,0,0,0,1,0,0,0,0,0,0,0,0,459
1164,15,2,4,2,0,0,1366,768,0,500,0,0,0,0,0,0,1,0,0,0,0,0,0,0,0,0,0,0,476
1165,15,2,8,2,0,128,3840,2160,0,1024,0,0,0,1,0,0,0,0,0,0,0,0,0,0,0,0,0,0,1498
1166,15,2,8,1,0,256,1920,1080,1,0,0,0,0,0,0,0,0,0,0,1,0,0,0,0,0,0,0,0,1390
1167,15,2,4,2,0,0,1920,1080,0,1024,0,0,0,0,0,0,0,0,0,1,0,0,0,0,0,0,0,0,468
1168,14,1,2,1,0,0,1366,768,0,0,0,0,0,0,0,0,1,0,0,0,0,0,0,0,0,0,0,0,249
1169,15,2,8,2,0,0,1920,1080,1,1024,0,0,0,0,0,0,0,0,0,0,1,0,0,0,0,0,0,0,839
1170,15,2,8,1,0,256,1920,1080,0,0,0,0,0,0,0,0,1,0,0,0,0,0,0,0,0,0,0,0,679
1171,15,1,14,2,0,512,1920,1080,0,0,0,0,0,0,0,0,1,0,0,0,0,0,0,0,0,0,0,0,1159
1172,15,1,4,2,0,0,1366,768,0,500,0,1,0,0,0,0,0,0,0,0,0,0,0,0,0,0,0,0,369
1173,15,2,4,2,0,0,1366,768,0,500,0,0,0,0,0,0,0,0,0,1,0,0,0,0,0,0,0,0,398
1174,15,2,8,2,0,0,1920,1080,0,1024,0,0,0,0,0,0,0,0,0,1,0,0,0,0,0,0,0,0,709
1175,14,2,4,2,0,256,1920,1080,0,0,0,1,0,0,0,0,0,0,0,0,0,0,0,0,0,0,0,0,769
1176,15,2,4,2,0,0,1920,1080,0,0,0,0,0,0,0,0,0,0,0,1,0,0,0,0,0,0,0,0,825
1177,15,2,14,3,0,512,1920,1080,1,0,0,0,0,0,0,0,0,0,0,1,0,0,0,0,0,0,0,0,1305
1178,15,2,14,1,0,128,1920,1080,0,1024,0,0,0,0,0,0,0,0,0,0,1,0,0,0,0,0,0,0,2153
1179,15,2,4,2,0,0,1366,768,0,500,0,0,0,0,0,0,1,0,0,0,0,0,0,0,0,0,0,0,650
1180,14,2,8,1,1,256,2560,1440,1,0,0,0,0,0,0,0,0,0,0,1,0,0,0,0,0,0,0,0,1637
1181,15,2,6,1,0,256,1920,1080,0,0,0,0,0,0,0,0,0,0,0,1,0,0,0,0,0,0,0,0,831
1182,15,2,8,1,0,256,1920,1080,0,0,0,0,0,1,0,0,0,0,0,0,0,0,0,0,0,0,0,0,895
1183,15,2,4,2,0,0,1366,768,0,500,0,0,0,0,0,0,0,0,0,0,0,0,0,0,0,0,0,0,333
1184,15,2,6,2,0,0,1920,1080,1,1024,0,0,0,0,0,0,1,0,0,0,0,0,0,0,0,0,0,0,799
1185,15,2,8,2,0,256,1920,1080,1,1024,0,1,0,0,0,0,0,0,0,0,0,0,0,0,0,0,0,0,909
1186,15,2,14,2,1,512,1920,1080,0,0,0,0,0,1,0,0,0,0,0,0,0,0,0,0,0,0,0,0,1179
1187,15,2,4,2,0,256,1920,1080,0,0,0,0,0,0,0,0,0,0,0,0,0,0,0,0,0,0,0,0,691
1188,13,2,8,1,1,256,3200,1800,0,0,0,0,0,1,0,0,0,0,0,0,0,0,0,0,0,0,0,0,1099
1189,17,2,14,3,0,256,1920,1080,1,1024,0,0,0,0,0,0,0,0,0,0,0,0,0,0,0,0,0,0,2599
1190,15,2,8,2,0,0,1920,1080,1,1024,0,0,0,0,0,0,0,0,0,1,0,0,0,0,0,0,0,0,819
1191,12,2,4,1,1,0,2400,1600,1,0,0,0,0,0,0,0,0,0,0,0,0,0,0,0,1,0,0,0,659
1192,15,2,4,1,0,0,1366,768,0,500,0,0,0,0,0,0,1,0,0,0,0,0,0,0,0,0,0,0,485
1193,12,1,8,0,0,0,2304,1440,1,0,1,0,0,0,0,0,0,0,0,0,0,0,0,0,0,0,0,0,1163
1194,13,2,8,1,1,256,1920,1080,1,0,0,0,0,1,0,0,0,0,0,0,0,0,0,0,0,0,0,0,1199
1195,15,2,12,2,0,128,1920,1080,1,1024,0,0,0,0,0,0,1,0,0,0,0,0,0,0,0,0,0,0,1327
1196,15,2,4,1,0,0,1366,768,0,1024,0,0,0,0,0,0,0,0,0,1,0,0,0,0,0,0,0,0,368
1197,17,2,14,3,0,512,1920,1080,1,1024,0,1,0,0,0,0,0,0,0,0,0,0,0,0,0,0,0,0,2150
1198,15,2,4,2,0,0,1366,768,0,1024,0,0,0,0,0,0,0,0,0,0,0,0,0,0,0,0,0,0,272
1199,17,2,14,2,0,256,1920,1080,0,1024,0,0,0,0,0,0,0,0,0,0,1,0,0,0,0,0,0,0,2048
1200,15,2,4,2,0,128,1366,768,0,0,0,0,0,1,0,0,0,0,0,0,0,0,0,0,0,0,0,0,499
1201,15,2,8,2,0,0,1366,768,0,500,0,0,0,0,0,0,0,0,0,1,0,0,0,0,0,0,0,0,629
1202,15,1,14,2,1,512,1920,1080,0,0,0,0,0,1,0,0,0,0,0,0,0,0,0,0,0,0,0,0,1285
1203,13,2,14,1,1,512,3200,1800,0,0,0,0,0,1,0,0,0,0,0,0,0,0,0,0,0,0,0,0,2680
1204,15,2,8,2,0,0,1920,1080,0,1024,0,1,0,0,0,0,0,0,0,0,0,0,0,0,0,0,0,0,1169
1205,15,2,8,2,0,256,1920,1080,0,0,0,0,0,1,0,0,0,0,0,0,0,0,0,0,0,0,0,0,889
1206,15,2,8,1,0,256,1366,768,0,0,0,0,0,0,0,0,1,0,0,0,0,0,0,0,0,0,0,0,579
1207,15,2,4,2,0,0,1366,768,0,500,0,0,0,0,0,0,0,0,0,1,0,0,0,0,0,0,0,0,299
1208,17,2,8,3,0,0,1600,900,0,1024,0,0,0,0,0,0,0,0,0,0,0,0,0,0,0,0,0,0,629
1209,15,2,14,2,0,256,1920,1080,0,1024,0,1,0,0,0,0,0,0,0,0,0,0,0,0,0,0,0,0,2449
1210,12,1,8,0,0,0,2304,1440,1,0,1,0,0,0,0,0,0,0,0,0,0,0,0,0,0,0,0,0,1279
1211,15,2,14,2,0,128,1920,1080,0,1024,0,1,0,0,0,0,0,0,0,0,0,0,0,0,0,0,0,0,1749
1212,17,2,14,2,0,256,1920,1080,1,1024,0,0,0,0,0,0,0,0,0,0,1,0,0,0,0,0,0,0,1948
1213,15,2,8,2,1,256,1920,1080,1,0,0,0,0,1,0,0,0,0,0,0,0,0,0,0,0,0,0,0,999
1214,17,2,14,2,0,256,1920,1080,0,1024,0,1,0,0,0,0,0,0,0,0,0,0,0,0,0,0,0,0,1949
1215,11,1,2,1,0,32,1366,768,0,0,0,0,0,0,0,0,0,0,0,0,0,0,0,0,0,0,0,0,174
1216,17,2,4,3,0,0,1600,900,0,1024,0,0,0,0,0,0,0,0,0,0,0,0,0,0,0,0,0,0,598
1217,17,2,8,2,0,0,1600,900,0,1024,0,0,0,0,0,0,0,0,0,1,0,0,0,0,0,0,0,0,539
1218,15,2,8,2,0,128,1920,1080,1,1024,0,0,0,0,0,0,0,0,0,1,0,0,0,0,0,0,0,0,1272
1219,14,1,8,1,1,256,1920,1080,1,0,0,0,0,0,0,0,0,0,0,0,0,0,0,0,0,0,0,0,1149
1220,15,2,8,2,0,256,1920,1080,1,0,0,0,0,0,0,0,0,0,0,1,0,0,0,0,0,0,0,0,1529
1221,15,2,8,2,0,128,1920,1080,0,1024,0,0,0,0,0,0,0,0,0,0,1,0,0,0,0,0,0,0,1476
1222,15,2,6,2,0,0,1920,1080,0,1024,0,0,0,0,0,0,1,0,0,0,0,0,0,0,0,0,0,0,529
1223,12,2,8,1,1,256,1920,1080,0,0,0,0,0,1,0,0,0,0,0,0,0,0,0,0,0,0,0,0,1713
1224,15,2,4,2,1,0,1920,1080,0,500,0,0,0,1,0,0,0,0,0,0,0,0,0,0,0,0,0,0,509
1225,15,1,4,2,0,0,1366,768,0,1024,0,1,0,0,0,0,0,0,0,0,0,0,0,0,0,0,0,0,309
1226,13,2,8,1,1,256,3200,1800,0,0,0,0,0,1,0,0,0,0,0,0,0,0,0,0,0,0,0,0,1477
1227,15,2,4,2,0,0,1366,768,0,1024,0,0,0,1,0,0,0,0,0,0,0,0,0,0,0,0,0,0,521
1228,15,2,14,2,1,128,1920,1080,1,1024,0,0,0,0,0,0,0,0,0,1,0,0,0,0,0,0,0,0,1029
1229,15,2,8,2,0,128,1920,1080,0,1024,0,0,0,0,0,0,0,0,0,0,1,0,0,0,0,0,0,0,1149
1230,12,2,14,1,1,512,1920,1080,1,0,0,0,0,0,0,0,0,0,0,1,0,0,0,0,0,0,0,0,1650
1231,14,2,14,1,0,1024,1920,1080,0,0,0,0,0,0,0,0,0,0,0,0,0,0,0,1,0,0,0,0,2827
1232,15,2,8,2,1,0,1366,768,0,1024,0,0,0,1,0,0,0,0,0,0,0,0,0,0,0,0,0,0,469
1233,17,2,14,2,0,256,1920,1080,0,1024,0,0,0,0,0,0,0,0,0,0,1,0,0,0,0,0,0,0,1598
1234,11,1,4,1,0,0,1366,768,0,0,1,0,0,0,0,0,0,0,0,0,0,0,0,0,0,0,0,0,959
1235,15,2,4,2,0,0,1920,1080,0,1024,0,0,0,0,0,0,1,0,0,0,0,0,0,0,0,0,0,0,478
1236,14,2,8,1,0,256,2560,1440,0,0,0,0,0,0,0,0,1,0,0,0,0,0,0,0,0,0,0,0,2198
1237,15,2,4,2,0,0,1366,768,0,500,0,0,0,1,0,0,0,0,0,0,0,0,0,0,0,0,0,0,737
1238,15,2,8,2,0,128,1920,1080,0,1024,0,0,0,0,0,0,0,0,0,0,1,0,0,0,0,0,0,0,1169
1239,13,2,14,1,0,512,1920,1080,1,0,0,0,0,0,0,0,0,0,0,1,0,0,0,0,0,0,0,0,1499
1240,15,3,6,2,0,256,1920,1080,0,0,0,0,0,0,0,0,0,0,0,1,0,0,0,0,0,0,0,0,597
1241,13,2,8,1,0,256,1920,1080,0,0,0,1,0,0,0,0,0,0,0,0,0,0,0,0,0,0,0,0,1280
1242,15,2,4,2,0,0,1366,768,0,500,0,0,0,0,0,0,0,0,0,0,0,0,0,0,0,0,0,0,361
1243,17,2,14,2,1,512,1920,1080,0,0,0,0,0,1,0,0,0,0,0,0,0,0,0,0,0,0,0,0,1799
1244,14,2,4,1,0,256,1920,1080,0,0,0,0,0,0,0,0,1,0,0,0,0,0,0,0,0,0,0,0,1099
1245,15,2,14,2,0,256,1920,1080,1,1024,0,1,0,0,0,0,0,0,0,0,0,0,0,0,0,0,0,0,1600
1246,14,2,4,1,0,0,1366,768,0,500,0,0,0,1,0,0,0,0,0,0,0,0,0,0,0,0,0,0,875
1247,15,2,14,2,0,256,1920,1080,1,1024,0,1,0,0,0,0,0,0,0,0,0,0,0,0,0,0,0,0,2325
1248,15,2,8,2,0,256,1920,1080,1,0,0,0,0,0,0,0,0,0,0,1,0,0,0,0,0,0,0,0,573
1249,13,1,8,1,1,256,3200,1800,0,0,0,0,0,1,0,0,0,0,0,0,0,0,0,0,0,0,0,0,1813
1250,15,1,4,2,0,0,1366,768,0,500,0,0,0,1,0,0,0,0,0,0,0,0,0,0,0,0,0,0,324
1251,15,2,4,1,0,0,1366,768,0,500,0,0,0,0,0,0,1,0,0,0,0,0,0,0,0,0,0,0,399
1252,15,2,6,2,0,128,1920,1080,0,0,0,0,0,0,0,0,0,0,0,1,0,0,0,0,0,0,0,0,569
1253,14,2,8,1,0,256,1920,1080,1,0,0,0,0,0,0,0,0,0,0,1,0,0,0,0,0,0,0,0,1072
1254,15,1,4,2,0,0,1366,768,0,500,0,0,0,1,0,0,0,0,0,0,0,0,0,0,0,0,0,0,443
1255,15,1,4,2,0,0,1366,768,0,1024,0,1,0,0,0,0,0,0,0,0,0,0,0,0,0,0,0,0,339
1256,17,2,14,3,0,128,1920,1080,1,1024,0,1,0,0,0,0,0,0,0,0,0,0,0,0,0,0,0,0,1900
1257,15,2,4,2,0,0,1366,768,0,500,0,0,0,1,0,0,0,0,0,0,0,0,0,0,0,0,0,0,490
1258,15,2,8,2,0,0,1920,1080,0,0,0,0,0,0,0,0,0,0,0,1,0,0,0,0,0,0,0,0,895
1259,15,2,8,2,0,128,1920,1080,0,1024,0,0,0,0,0,0,0,0,0,0,1,0,0,0,0,0,0,0,1229
1260,14,2,4,1,1,128,1920,1080,0,0,0,0,0,0,0,0,0,0,0,1,0,0,0,0,0,0,0,0,833
1261,13,0,8,1,0,512,1920,1080,1,0,0,1,0,0,0,0,0,0,0,0,0,0,0,0,0,0,0,0,729
1262,15,2,6,2,0,0,1366,768,0,1024,0,0,0,1,0,0,0,0,0,0,0,0,0,0,0,0,0,0,459
1263,15,1,4,2,0,0,1366,768,0,500,0,0,0,0,0,0,0,0,0,0,0,0,0,0,0,0,0,0,289
1264,15,1,2,2,0,0,1366,768,0,500,0,0,0,1,0,0,0,0,0,0,0,0,0,0,0,0,0,0,379
1265,15,2,8,2,0,0,1920,1080,1,1024,0,0,0,0,0,0,0,0,0,1,0,0,0,0,0,0,0,0,899
1266,15,2,6,2,0,0,1920,1080,0,0,0,0,0,0,0,0,1,0,0,0,0,0,0,0,0,0,0,0,549
1267,15,2,8,2,0,0,1366,768,0,1024,0,0,0,1,0,0,0,0,0,0,0,0,0,0,0,0,0,0,805
1268,11,1,2,1,0,0,1366,768,0,0,0,0,0,0,0,0,1,0,0,0,0,0,0,0,0,0,0,0,209
1269,15,2,4,2,0,0,1366,768,0,500,0,1,0,0,0,0,0,0,0,0,0,0,0,0,0,0,0,0,720
1270,14,2,4,1,1,128,1920,1080,1,0,0,0,0,0,0,0,0,0,0,1,0,0,0,0,0,0,0,0,638
1271,13,2,14,1,1,512,3200,1800,1,0,0,0,0,0,0,0,0,0,0,1,0,0,0,0,0,0,0,0,1499
1272,14,1,2,1,0,0,1366,768,0,0,0,0,0,0,0,0,0,0,0,1,0,0,0,0,0,0,0,0,229
1273,15,2,6,2,0,0,1366,768,0,1024,0,0,0,0,0,0,1,0,0,0,0,0,0,0,0,0,0,0,764
1274,15,1,4,2,0,0,1366,768,0,500,0,1,0,0,0,0,0,0,0,0,0,0,0,0,0,0,0,0,369
